ckpt,block,kind,layer,incumbent,rule,L0,L_after,gain_vs_incumbent,is_best,best_gain_alt,proxy_free,proxy_same,proxy_own,proxy_fit,proxy_lookahead
100,embed,embed,-1,adam,adam,2.4538174271583557,2.426878571510315,0.0,False,,0.637343647763434,1.054926853461207,11.440949740371517,0.32136981670673076,0.005255937576293945
100,embed,embed,-1,adam,sign,2.4538174271583557,2.42519748210907,0.0016810894012451172,True,0.0017206072807312012,0.637343647763434,1.054926853461207,2.5204405229060396,0.32136981670673076,0.0031981468200683594
100,embed,embed,-1,adam,euclid,2.4538174271583557,2.439221203327179,-0.012342631816864014,False,,0.29109214515101517,0.31437441971103514,0.6514570350147983,1.000000238418579,0.00030541419982910156
100,embed,embed,-1,adam,rows,2.4538174271583557,2.4276115894317627,-0.0007330179214477539,False,,0.46457974316164913,0.7680210566310172,2.611425052519184,0.4938543466421274,0.0044918060302734375
100,embed,embed,-1,adam,cols,2.4538174271583557,2.433612823486328,-0.006734251976013184,False,,0.3315335583677984,0.3750060381285065,0.7389345300549082,0.9262456297874451,0.0009703636169433594
100,embed,embed,-1,adam,spectral,2.4538174271583557,2.425398111343384,0.0014804601669311523,False,,0.6314337054109351,1.1598472902673553,3.4335716091650523,0.29808953404426575,0.0033197402954101562
100,pos,pos,-1,adam,adam,2.4538174271583557,2.426878571510315,0.0,False,,1.4291795110335506,3.0282100712654363,33.04255950537774,0.6026909351348877,0.007120370864868164
100,pos,pos,-1,adam,sign,2.4538174271583557,2.4256802797317505,0.0011982917785644531,True,0.0007421374320983887,1.4291795110335506,3.0282100712654363,10.934323058175663,0.6026909351348877,0.005547285079956055
100,pos,pos,-1,adam,euclid,2.4538174271583557,2.4269221425056458,-4.357099533081055e-05,False,,0.5013927871646299,1.004411664950968,8.022007833180684,0.9999996423721313,0.0075418949127197266
100,pos,pos,-1,adam,rows,2.4538174271583557,2.4272640347480774,-0.00038546323776245117,False,,0.6992341168838699,1.4587708154981023,10.683170676681463,0.9532121419906616,0.00662684440612793
100,pos,pos,-1,adam,cols,2.4538174271583557,2.4272905588150024,-0.0004119873046875,False,,0.6718550536298767,1.4758273772472388,9.356898804961503,0.9537312388420105,0.007451295852661133
100,pos,pos,-1,adam,spectral,2.4538174271583557,2.429885983467102,-0.0030074119567871094,False,,1.2283067205131304,4.541758162030429,23.525899311628837,0.45700550079345703,0.004863262176513672
100,L0.q,q,0,spectral,adam,2.4538174271583557,2.4285753965377808,-0.0016968250274658203,False,,2.367009580457907,3.2366195473185724,22.09775816912042,0.5603630542755127,0.0033981800079345703
100,L0.q,q,0,spectral,sign,2.4538174271583557,2.4272533655166626,-0.00037479400634765625,False,,2.367009580457907,3.2366195473185724,6.223945353524321,0.5603630542755127,0.0033473968505859375
100,L0.q,q,0,spectral,euclid,2.4538174271583557,2.4280304312705994,-0.0011518597602844238,False,,0.8365464014247035,1.0624188092423688,5.806434714262374,1.0,0.0042247772216796875
100,L0.q,q,0,spectral,rows,2.4538174271583557,2.427474796772003,-0.0005962252616882324,False,,0.8549053756211212,1.1969948030418658,6.604774957084349,0.8489565849304199,0.0040836334228515625
100,L0.q,q,0,spectral,cols,2.4538174271583557,2.4284101128578186,-0.0015315413475036621,False,,0.9224639639036851,1.2641718949933747,6.838722341266364,0.9492632150650024,0.00417780876159668
100,L0.q,q,0,spectral,spectral,2.4538174271583557,2.426878571510315,0.0,True,0.0,0.6489587837064745,1.5374206338255252,22.671380302894114,0.20717725157737732,0.002268552780151367
100,L0.q,q,0,spectral,spectral_head,2.4538174271583557,2.4271222949028015,-0.00024372339248657227,False,,0.7513295176338867,1.651068232647378,19.164724237728226,0.299811989068985,0.002597808837890625
100,L0.q,q,0,spectral,normuon,2.4538174271583557,2.4268816113471985,-3.039836883544922e-06,False,,0.6489587837064745,1.5374206338255252,22.72597370107155,0.20717725157737732,0.0022492408752441406
100,L0.q,q,0,spectral,pw05,2.4538174271583557,2.427524507045746,-0.0006459355354309082,False,,0.6784179406170163,1.061314696734853,9.389926886073562,0.5198066830635072,0.004024982452392578
100,L0.k,k,0,spectral,adam,2.4538174271583557,2.4357663989067078,-0.008887827396392822,False,,0.946273528706076,0.9441705697621421,4.590657943926862,0.562379002571106,0.004472970962524414
100,L0.k,k,0,spectral,sign,2.4538174271583557,2.429900288581848,-0.003021717071533203,False,,0.946273528706076,0.9441705697621421,1.1022743264972215,0.562379002571106,0.005866527557373047
100,L0.k,k,0,spectral,euclid,2.4538174271583557,2.430730402469635,-0.0038518309593200684,False,,0.3270836842698173,0.3103021674865707,0.7408973783385712,1.0,0.007494926452636719
100,L0.k,k,0,spectral,rows,2.4538174271583557,2.4306401014328003,-0.0037615299224853516,False,,0.3751640850845757,0.36844779407428574,1.1542731062933866,0.8362842798233032,0.006934642791748047
100,L0.k,k,0,spectral,cols,2.4538174271583557,2.4308606386184692,-0.003982067108154297,False,,0.37211185257944046,0.3700555908771757,0.9498877700698236,0.834658145904541,0.007370471954345703
100,L0.k,k,0,spectral,spectral,2.4538174271583557,2.426878571510315,0.0,False,,0.23660145926509454,0.328396658483033,4.028329353877701,0.10765394568443298,0.003327608108520508
100,L0.k,k,0,spectral,spectral_head,2.4538174271583557,2.427862048149109,-0.0009834766387939453,False,,0.26554818361088445,0.35542318120341015,4.071941534006725,0.16347001492977142,0.003665924072265625
100,L0.k,k,0,spectral,normuon,2.4538174271583557,2.4268102645874023,6.830692291259766e-05,True,6.949901580810547e-05,0.23660145926509454,0.328396658483033,4.207647325269131,0.10765394568443298,0.0032885074615478516
100,L0.k,k,0,spectral,pw05,2.4538174271583557,2.4302107095718384,-0.0033321380615234375,False,,0.24549905563761637,0.24968551910499578,1.2606431635786968,0.3890600800514222,0.007281780242919922
100,L0.v,v,0,spectral,adam,2.4538174271583557,2.434666633605957,-0.00778806209564209,False,,0.8713356239651194,1.057353019774751,4.257653958705074,0.5586787462234497,0.005315303802490234
100,L0.v,v,0,spectral,sign,2.4538174271583557,2.43099707365036,-0.004118502140045166,False,,0.8713356239651194,1.057353019774751,1.0626484153533546,0.5586787462234497,0.00751185417175293
100,L0.v,v,0,spectral,euclid,2.4538174271583557,2.43592768907547,-0.00904911756515503,False,,0.3310849829642625,0.382432260822663,1.0612568021862903,0.9999998211860657,0.008938312530517578
100,L0.v,v,0,spectral,rows,2.4538174271583557,2.4331007599830627,-0.006222188472747803,False,,0.3423646224158974,0.41613832003831536,1.175309459454636,0.8209331035614014,0.008693456649780273
100,L0.v,v,0,spectral,cols,2.4538174271583557,2.43443363904953,-0.007555067539215088,False,,0.3467115213507067,0.421845394218347,1.1602352004945626,0.8780198097229004,0.009458780288696289
100,L0.v,v,0,spectral,spectral,2.4538174271583557,2.426878571510315,0.0,False,,0.23483591394353226,0.4337794409801017,4.399739761750061,0.15309733152389526,0.0048677921295166016
100,L0.v,v,0,spectral,spectral_head,2.4538174271583557,2.4273359179496765,-0.00045734643936157227,False,,0.27880257121457874,0.5136298949664881,3.6767490312505715,0.24960458278656006,0.006076812744140625
100,L0.v,v,0,spectral,normuon,2.4538174271583557,2.426856219768524,2.2351741790771484e-05,True,-2.4199485778808594e-05,0.23483591394353226,0.4337794409801017,4.418227648470506,0.15309733152389526,0.004893779754638672
100,L0.v,v,0,spectral,pw05,2.4538174271583557,2.4315065741539,-0.004628002643585205,False,,0.24858820225871506,0.3248541596215114,1.6789532814898207,0.4390362203121186,0.009145259857177734
100,L0.o,o,0,spectral,adam,2.4538174271583557,2.432172656059265,-0.005294084548950195,False,,1.8215144343464627,3.3591262907342223,19.431657801198817,0.6112271547317505,0.0047261714935302734
100,L0.o,o,0,spectral,sign,2.4538174271583557,2.4303454756736755,-0.0034669041633605957,False,,1.8215144343464627,3.3591262907342223,7.184677689684912,0.6112271547317505,0.0062940120697021484
100,L0.o,o,0,spectral,euclid,2.4538174271583557,2.431418776512146,-0.004540205001831055,False,,0.6277211248748356,1.1237463372353096,6.42039784364469,1.0000004768371582,0.008140087127685547
100,L0.o,o,0,spectral,rows,2.4538174271583557,2.4313377737998962,-0.004459202289581299,False,,0.6891627206956581,1.2893900472503383,6.911130375716362,0.9500487446784973,0.007857799530029297
100,L0.o,o,0,spectral,cols,2.4538174271583557,2.430949866771698,-0.004071295261383057,False,,0.6839314495731895,1.2949995738439493,7.178200522261813,0.9487982392311096,0.007695674896240234
100,L0.o,o,0,spectral,spectral,2.4538174271583557,2.426878571510315,0.0,True,0.0,0.6591852689702444,1.933364974545105,23.90973936764837,0.331134170293808,0.0039882659912109375
100,L0.o,o,0,spectral,spectral_head,2.4538174271583557,2.4278220534324646,-0.0009434819221496582,False,,0.7153874747272696,1.9928214997374585,19.96594168081635,0.47955864667892456,0.004765510559082031
100,L0.o,o,0,spectral,normuon,2.4538174271583557,2.4268835186958313,-4.947185516357422e-06,False,,0.6591852689702444,1.933364974545105,24.108616277440277,0.331134170293808,0.003989458084106445
100,L0.o,o,0,spectral,pw05,2.4538174271583557,2.429615318775177,-0.0027367472648620605,False,,0.5734323649649659,1.2254008882562544,9.933085600420686,0.6284015178680421,0.007116079330444336
100,L0.up,up,0,spectral,adam,2.4538174271583557,2.431752622127533,-0.004874050617218018,False,,6.857792531849595,13.15558476239121,51.414225769259936,0.5575123429298401,0.006549835205078125
100,L0.up,up,0,spectral,sign,2.4538174271583557,2.429738461971283,-0.0028598904609680176,False,,6.857792531849595,13.15558476239121,16.04598572216773,0.5575123429298401,0.009195566177368164
100,L0.up,up,0,spectral,euclid,2.4538174271583557,2.4341089129447937,-0.00723034143447876,False,,1.4483012339803203,2.3791949096425995,14.396608199739148,0.9999995827674866,0.012276649475097656
100,L0.up,up,0,spectral,rows,2.4538174271583557,2.4310171008110046,-0.004138529300689697,False,,2.2348518981010166,4.322771457873263,16.350003455536356,0.8563159704208374,0.011403560638427734
100,L0.up,up,0,spectral,cols,2.4538174271583557,2.4339414834976196,-0.0070629119873046875,False,,1.5467080395523918,2.700523820136167,15.331245248360906,0.9805080890655518,0.012042999267578125
100,L0.up,up,0,spectral,spectral,2.4538174271583557,2.426878571510315,0.0,False,,1.595786612012089,4.45363518585124,45.28753271005072,0.4710513949394226,0.007553577423095703
100,L0.up,up,0,spectral,normuon,2.4538174271583557,2.4259546399116516,0.0009239315986633301,True,0.000563502311706543,1.595786612012089,4.45363518585124,54.60862497604318,0.4710513949394226,0.007138490676879883
100,L0.up,up,0,spectral,pw05,2.4538174271583557,2.431136727333069,-0.004258155822753906,False,,1.3777524793760638,2.774866630713977,22.04965231763228,0.7111606597900392,0.010914325714111328
100,L0.down,down,0,spectral,adam,2.4538174271583557,2.4300374388694763,-0.003158867359161377,False,,4.988230023645286,9.363223036673665,43.54559975555999,0.5340297222137451,0.006045341491699219
100,L0.down,down,0,spectral,sign,2.4538174271583557,2.4278414845466614,-0.0009629130363464355,False,,4.988230023645286,9.363223036673665,12.264908006039361,0.5340297222137451,0.010039567947387695
100,L0.down,down,0,spectral,euclid,2.4538174271583557,2.430981159210205,-0.004102587699890137,False,,1.3833862661339378,2.28273381998691,10.753343214190364,0.9999995827674866,0.013597488403320312
100,L0.down,down,0,spectral,rows,2.4538174271583557,2.4310476779937744,-0.004169106483459473,False,,1.5062019612161166,2.6448597583746785,11.759414583105682,0.9645824432373047,0.013289928436279297
100,L0.down,down,0,spectral,cols,2.4538174271583557,2.429345428943634,-0.002466857433319092,False,,2.0756380333525986,3.914885924354924,13.295060967571152,0.8324414491653442,0.012081384658813477
100,L0.down,down,0,spectral,spectral,2.4538174271583557,2.426878571510315,0.0,False,,1.4339865056168706,3.9056855621205986,33.34623954478953,0.38125839829444885,0.007676601409912109
100,L0.down,down,0,spectral,normuon,2.4538174271583557,2.4268731474876404,5.424022674560547e-06,True,3.606081008911133e-05,1.4339865056168706,3.9056855621205986,34.23847858920352,0.38125839829444885,0.007630348205566406
100,L0.down,down,0,spectral,pw05,2.4538174271583557,2.430108666419983,-0.0032300949096679688,False,,1.2748459043511415,2.530225256905988,16.539433055099135,0.6581596136093141,0.012044429779052734
100,L1.q,q,1,spectral,adam,2.4538174271583557,2.427054524421692,-0.00017595291137695312,False,,11.61208687694051,19.37020695910045,357.84985244609936,0.5494587421417236,0.0008301734924316406
100,L1.q,q,1,spectral,sign,2.4538174271583557,2.426892042160034,-1.3470649719238281e-05,False,,11.61208687694051,19.37020695910045,106.45064960735591,0.5494587421417236,0.0008790493011474609
100,L1.q,q,1,spectral,euclid,2.4538174271583557,2.426467001438141,0.00041157007217407227,False,,4.408301746925196,7.140893079585797,90.4994769085966,1.0,0.0011746883392333984
100,L1.q,q,1,spectral,rows,2.4538174271583557,2.4268146753311157,6.389617919921875e-05,False,,4.565728752472324,7.820928502573241,125.86158079952102,0.8438751101493835,0.0010514259338378906
100,L1.q,q,1,spectral,cols,2.4538174271583557,2.4264484643936157,0.00043010711669921875,True,-9.483098983764648e-05,4.865151648261136,8.216291279419632,94.33278617717018,0.922023594379425,0.0011153221130371094
100,L1.q,q,1,spectral,spectral,2.4538174271583557,2.426878571510315,0.0,False,,3.554716612132185,8.575470304611777,346.49331432412237,0.20215429365634918,0.00043487548828125
100,L1.q,q,1,spectral,spectral_head,2.4538174271583557,2.4267752170562744,0.00010335445404052734,False,,3.839025222321361,8.818048382802061,319.224081456787,0.27378618717193604,0.0005331039428710938
100,L1.q,q,1,spectral,normuon,2.4538174271583557,2.426894783973694,-1.621246337890625e-05,False,,3.554716612132185,8.575470304611777,354.40461353487365,0.20215429365634918,0.00043272972106933594
100,L1.q,q,1,spectral,pw05,2.4538174271583557,2.42651104927063,0.0003675222396850586,False,,3.669417857233556,6.797980233410888,138.1610645021115,0.5168902277946473,0.0009992122650146484
100,L1.k,k,1,spectral,adam,2.4538174271583557,2.4275031089782715,-0.000624537467956543,False,,8.618029419138873,12.39141115369901,227.35850686409773,0.5374007821083069,0.0007293224334716797
100,L1.k,k,1,spectral,sign,2.4538174271583557,2.4272797107696533,-0.0004011392593383789,False,,8.618029419138873,12.39141115369901,53.9368474788844,0.5374007821083069,0.0009236335754394531
100,L1.k,k,1,spectral,euclid,2.4538174271583557,2.428006887435913,-0.0011283159255981445,False,,2.9567967474486254,4.023476006724827,40.93821168257079,0.9999995231628418,0.0013568401336669922
100,L1.k,k,1,spectral,rows,2.4538174271583557,2.4276573061943054,-0.0007787346839904785,False,,3.197188636222607,4.611658092263049,53.85284506466352,0.8504348397254944,0.0011246204376220703
100,L1.k,k,1,spectral,cols,2.4538174271583557,2.4274110794067383,-0.0005325078964233398,False,,3.353923249922387,4.66371566930577,48.900872757713735,0.905404806137085,0.001232147216796875
100,L1.k,k,1,spectral,spectral,2.4538174271583557,2.426878571510315,0.0,True,0.0,2.678812830032927,4.918723387550859,174.62390545174094,0.1963573843240738,0.0005288124084472656
100,L1.k,k,1,spectral,spectral_head,2.4538174271583557,2.427087903022766,-0.00020933151245117188,False,,3.040134293207484,5.838821958409749,192.85505980907746,0.2646338641643524,0.0005803108215332031
100,L1.k,k,1,spectral,normuon,2.4538174271583557,2.426887810230255,-9.238719940185547e-06,False,,2.678812830032927,4.918723387550859,179.39783624255503,0.1963573843240738,0.0005223751068115234
100,L1.k,k,1,spectral,pw05,2.4538174271583557,2.427444040775299,-0.0005654692649841309,False,,2.5364410046655435,3.726971933031122,65.27778323943298,0.5143342018127443,0.0011317729949951172
100,L1.v,v,1,spectral,adam,2.4538174271583557,2.4275262355804443,-0.0006476640701293945,False,,3.6709332640792245,5.203887621681861,55.01727463507049,0.5366860032081604,0.0015926361083984375
100,L1.v,v,1,spectral,sign,2.4538174271583557,2.4279088377952576,-0.001030266284942627,False,,3.6709332640792245,5.203887621681861,14.297903195870814,0.5366860032081604,0.002524137496948242
100,L1.v,v,1,spectral,euclid,2.4538174271583557,2.428435742855072,-0.00155717134475708,False,,1.2205408202002024,1.6411475947513448,11.20647386442126,0.9999998211860657,0.003528118133544922
100,L1.v,v,1,spectral,rows,2.4538174271583557,2.4279714226722717,-0.0010928511619567871,False,,1.2567301178387384,1.7952439673509462,12.945516599565584,0.8350924253463745,0.0032224655151367188
100,L1.v,v,1,spectral,cols,2.4538174271583557,2.42838454246521,-0.0015059709548950195,False,,1.279525754095676,1.8431329903005662,13.907288961148186,0.8501833081245422,0.003170490264892578
100,L1.v,v,1,spectral,spectral,2.4538174271583557,2.426878571510315,0.0,True,0.0,1.0161252709084623,2.2032297862033237,52.481092203165645,0.17088183760643005,0.0012979507446289062
100,L1.v,v,1,spectral,spectral_head,2.4538174271583557,2.4271129965782166,-0.00023442506790161133,False,,1.1493182030343942,2.4454078364363805,57.555101514853654,0.2550894021987915,0.001489400863647461
100,L1.v,v,1,spectral,normuon,2.4538174271583557,2.426882565021515,-3.993511199951172e-06,False,,1.0161252709084623,2.2032297862033237,53.30925474239628,0.17088183760643005,0.0012934207916259766
100,L1.v,v,1,spectral,pw05,2.4538174271583557,2.4275840520858765,-0.0007054805755615234,False,,0.9607705444631505,1.4755483631112634,17.667342439291364,0.4587866067886353,0.0029838085174560547
100,L1.o,o,1,spectral,adam,2.4538174271583557,2.428240120410919,-0.001361548900604248,False,,6.285609510739758,10.440468860764222,86.5979457319207,0.5823760032653809,0.001280069351196289
100,L1.o,o,1,spectral,sign,2.4538174271583557,2.4283412098884583,-0.0014626383781433105,False,,6.285609510739758,10.440468860764222,29.825946275154315,0.5823760032653809,0.0019791126251220703
100,L1.o,o,1,spectral,euclid,2.4538174271583557,2.4284841418266296,-0.0016055703163146973,False,,1.9985908672690729,2.984515113168446,23.166954570950388,0.9999997615814209,0.002637147903442383
100,L1.o,o,1,spectral,rows,2.4538174271583557,2.428336262702942,-0.0014576911926269531,False,,2.082609088685999,3.415462153236811,29.499345893949236,0.8860567212104797,0.0024836063385009766
100,L1.o,o,1,spectral,cols,2.4538174271583557,2.428314447402954,-0.0014358758926391602,False,,2.085607601611057,3.5167649296786636,29.142026515215818,0.8981239795684814,0.0024542808532714844
100,L1.o,o,1,spectral,spectral,2.4538174271583557,2.426878571510315,0.0,False,,1.542338971127303,4.281926917257665,141.94664196451126,0.19398175179958344,0.0010120868682861328
100,L1.o,o,1,spectral,spectral_head,2.4538174271583557,2.427362322807312,-0.0004837512969970703,False,,1.7690966225104459,4.654401562617455,133.2944842849214,0.2978017032146454,0.001220703125
100,L1.o,o,1,spectral,normuon,2.4538174271583557,2.426864743232727,1.3828277587890625e-05,True,-7.092952728271484e-06,1.542338971127303,4.281926917257665,146.01357982095755,0.19398175179958344,0.0010042190551757812
100,L1.o,o,1,spectral,pw05,2.4538174271583557,2.427696108818054,-0.0008175373077392578,False,,1.5672863003114177,2.861168940871153,41.86972450163468,0.4906823039054871,0.0022916793823242188
100,L1.up,up,1,spectral,adam,2.4538174271583557,2.429295539855957,-0.00241696834564209,False,,9.007166210854836,16.871455667504936,170.0528853751932,0.5413283109664917,0.00342559814453125
100,L1.up,up,1,spectral,sign,2.4538174271583557,2.428260862827301,-0.001382291316986084,False,,9.007166210854836,16.871455667504936,45.41807983661097,0.5413283109664917,0.00532841682434082
100,L1.up,up,1,spectral,euclid,2.4538174271583557,2.428808093070984,-0.0019295215606689453,False,,2.5172784988613697,4.035711289075134,37.935382925095425,1.0000003576278687,0.007393598556518555
100,L1.up,up,1,spectral,rows,2.4538174271583557,2.4284436106681824,-0.0015650391578674316,False,,4.246197486337243,8.05695082927502,44.1240825560693,0.8466579914093018,0.00670170783996582
100,L1.up,up,1,spectral,cols,2.4538174271583557,2.4283806681632996,-0.0015020966529846191,False,,2.7018506244408287,4.6734400329345185,44.087337993065375,0.958389937877655,0.00709080696105957
100,L1.up,up,1,spectral,spectral,2.4538174271583557,2.426878571510315,0.0,False,,2.6979461089627454,7.649939501063435,110.12789497224244,0.4193149209022522,0.0042684078216552734
100,L1.up,up,1,spectral,normuon,2.4538174271583557,2.426783800125122,9.47713851928711e-05,True,0.00018227100372314453,2.6979461089627454,7.649939501063435,134.30063817163983,0.4193149209022522,0.003957033157348633
100,L1.up,up,1,spectral,pw05,2.4538174271583557,2.428250789642334,-0.001372218132019043,False,,2.3550314534536687,4.701596519816103,57.755130670310734,0.6786574721336366,0.006456613540649414
100,L1.down,down,1,spectral,adam,2.4538174271583557,2.4314244985580444,-0.004545927047729492,False,,8.437584618375437,17.80362321778276,96.3519432992081,0.5172126889228821,0.003652334213256836
100,L1.down,down,1,spectral,sign,2.4538174271583557,2.42952960729599,-0.002651035785675049,False,,8.437584618375437,17.80362321778276,26.137165259907373,0.5172126889228821,0.006608247756958008
100,L1.down,down,1,spectral,euclid,2.4538174271583557,2.4303706288337708,-0.0034920573234558105,False,,2.3090325360141417,4.018271266099445,19.124856629315275,1.0,0.009198188781738281
100,L1.down,down,1,spectral,rows,2.4538174271583557,2.43044376373291,-0.003565192222595215,False,,2.4863518625358916,4.856131194696437,21.696729394710445,0.9503075480461121,0.008962154388427734
100,L1.down,down,1,spectral,cols,2.4538174271583557,2.4302858710289,-0.003407299518585205,False,,3.434304519987609,7.09092608177125,28.278704214475663,0.8168341517448425,0.007979393005371094
100,L1.down,down,1,spectral,spectral,2.4538174271583557,2.426878571510315,0.0,False,,2.2736686756068023,6.78158179303885,96.103182049915,0.3175835609436035,0.004279613494873047
100,L1.down,down,1,spectral,normuon,2.4538174271583557,2.4268582463264465,2.0325183868408203e-05,True,1.239776611328125e-05,2.2736686756068023,6.78158179303885,96.05175869209826,0.3175835609436035,0.004276275634765625
100,L1.down,down,1,spectral,pw05,2.4538174271583557,2.429904341697693,-0.0030257701873779297,False,,2.0561485213982476,4.386270534509953,33.048921684473584,0.6162977814674379,0.008202075958251953
100,head,head,2,adam,adam,2.4538174271583557,2.426878571510315,0.0,False,,0.6075637807179413,1.9291671905102687,10.102106585855354,0.3598295651949369,0.009525060653686523
100,head,head,2,adam,sign,2.4538174271583557,2.426066279411316,0.0008122920989990234,False,,0.6075637807179413,1.9291671905102687,2.497653993848165,0.3598295651949369,0.0073163509368896484
100,head,head,2,adam,euclid,2.4538174271583557,2.425635516643524,0.0012430548667907715,False,,0.2647667477788441,0.5427137535325406,1.3518311653394515,0.9999999403953552,0.010558605194091797
100,head,head,2,adam,rows,2.4538174271583557,2.430117607116699,-0.0032390356063842773,False,,0.36793160784651857,1.2015450403733186,2.3869942374447746,0.5926704993614784,0.00968623161315918
100,head,head,2,adam,cols,2.4538174271583557,2.427905321121216,-0.001026749610900879,False,,0.31439469676612675,0.68920840476495,1.6400206611882242,0.8925208449363708,0.010137081146240234
100,head,head,2,adam,spectral,2.4538174271583557,2.423150599002838,0.0037279725074768066,True,0.009017229080200195,0.4884704110601207,1.7457449780366487,4.711424775845311,0.2535843849182129,0.006287574768066406
200,embed,embed,-1,adam,adam,2.2385101914405823,2.2073506712913513,0.0,False,,0.34098202202320027,2.1908352774898554,8.976059580975473,0.3709135202261118,0.004174232482910156
200,embed,embed,-1,adam,sign,2.2385101914405823,2.207306683063507,4.398822784423828e-05,True,0.0009607672691345215,0.34098202202320027,2.1908352774898554,2.5806125116138374,0.3709135202261118,0.003137350082397461
200,embed,embed,-1,adam,euclid,2.2385101914405823,2.212088882923126,-0.004738211631774902,False,,0.1756925325743279,0.7260969103057591,0.571721615865074,1.0,0.004124879837036133
200,embed,embed,-1,adam,rows,2.2385101914405823,2.208396315574646,-0.0010456442832946777,False,,0.21269128615879324,1.3497763066771045,2.333498319538848,0.5859929011418269,0.0037407875061035156
200,embed,embed,-1,adam,cols,2.2385101914405823,2.211976170539856,-0.004625499248504639,False,,0.20358396855628233,0.9302231793454592,0.8335264205726923,0.9304982423782349,0.00418400764465332
200,embed,embed,-1,adam,spectral,2.2385101914405823,2.207445442676544,-9.47713851928711e-05,False,,0.3947105872773879,2.780951702567848,5.811829896694244,0.3494459390640259,0.0029344558715820312
200,pos,pos,-1,adam,adam,2.2385101914405823,2.2073506712913513,0.0,False,,0.4689519641108864,4.384632899886965,11.335738802015264,0.5931891798973083,0.00526738166809082
200,pos,pos,-1,adam,sign,2.2385101914405823,2.2074103951454163,-5.9723854064941406e-05,False,,0.4689519641108864,4.384632899886965,3.9100193862060846,0.5931891798973083,0.0038073062896728516
200,pos,pos,-1,adam,euclid,2.2385101914405823,2.2085752487182617,-0.0012245774269104004,False,,0.1746590205866951,1.5784366792213016,3.189670971656729,1.0000005960464478,0.0050237178802490234
200,pos,pos,-1,adam,rows,2.2385101914405823,2.2085047364234924,-0.0011540651321411133,False,,0.2463270293111667,2.298381151800249,4.056150439997297,0.9292365312576294,0.0048253536224365234
200,pos,pos,-1,adam,cols,2.2385101914405823,2.2081692218780518,-0.0008185505867004395,False,,0.20877504024993856,1.914440452663972,3.7541927438285985,0.94704669713974,0.004824638366699219
200,pos,pos,-1,adam,spectral,2.2385101914405823,2.203459918498993,0.0038907527923583984,True,0.0022249817848205566,0.4326137408069443,4.498054165117831,10.407068733372846,0.47344788908958435,0.003033161163330078
200,L0.q,q,0,spectral,adam,2.2385101914405823,2.2086857557296753,-0.0013350844383239746,False,,1.3641855495261173,9.784403097936684,37.0643390540537,0.592568039894104,0.0019292831420898438
200,L0.q,q,0,spectral,sign,2.2385101914405823,2.2081105709075928,-0.0007598996162414551,False,,1.3641855495261173,9.784403097936684,12.330177939106216,0.592568039894104,0.0018723011016845703
200,L0.q,q,0,spectral,euclid,2.2385101914405823,2.208478093147278,-0.0011274218559265137,False,,0.4125899298724154,2.8237889608879936,9.37888557767989,1.000000238418579,0.0023622512817382812
200,L0.q,q,0,spectral,rows,2.2385101914405823,2.2082396149635315,-0.0008889436721801758,False,,0.4199791795239311,3.0263143126427674,12.74008597103173,0.9055154323577881,0.002244710922241211
200,L0.q,q,0,spectral,cols,2.2385101914405823,2.2084392309188843,-0.001088559627532959,False,,0.4265976748612822,2.9795348467059233,10.563294752273816,0.9572200775146484,0.0023365020751953125
200,L0.q,q,0,spectral,spectral,2.2385101914405823,2.2073506712913513,0.0,False,,0.32795556216352134,2.7779807422535683,32.10572009008706,0.32989630103111267,0.0013797283172607422
200,L0.q,q,0,spectral,spectral_head,2.2385101914405823,2.2073904871940613,-3.981590270996094e-05,False,,0.3619031532126462,2.980785522987713,28.95147265807478,0.4495946764945984,0.0016171932220458984
200,L0.q,q,0,spectral,normuon,2.2385101914405823,2.2073484659194946,2.205371856689453e-06,True,-4.172325134277344e-07,0.32795556216352134,2.7779807422535683,32.056124321612344,0.32989630103111267,0.0013744831085205078
200,L0.q,q,0,spectral,pw05,2.2385101914405823,2.2078312635421753,-0.0004805922508239746,False,,0.3314330772877359,2.4863285262368517,14.166673786386646,0.6182339191436769,0.002253293991088867
200,L0.k,k,0,spectral,adam,2.2385101914405823,2.2114638686180115,-0.004113197326660156,False,,0.6693345715805188,2.6221471867194124,4.962738326383968,0.5265868306159973,0.0026345252990722656
200,L0.k,k,0,spectral,sign,2.2385101914405823,2.209785759449005,-0.0024350881576538086,False,,0.6693345715805188,2.6221471867194124,1.304099728420847,0.5265868306159973,0.0030531883239746094
200,L0.k,k,0,spectral,euclid,2.2385101914405823,2.210216701030731,-0.002866029739379883,False,,0.24684734834832958,0.8439423509050781,1.0478604601125152,0.9999996423721313,0.0038509368896484375
200,L0.k,k,0,spectral,rows,2.2385101914405823,2.210529625415802,-0.0031789541244506836,False,,0.23694621184401854,0.9292377951597075,1.4353839155868064,0.8220230937004089,0.0037298202514648438
200,L0.k,k,0,spectral,cols,2.2385101914405823,2.210356593132019,-0.0030059218406677246,False,,0.24773591592122368,0.9456861502033062,1.2832943667164167,0.888573944568634,0.0038144588470458984
200,L0.k,k,0,spectral,spectral,2.2385101914405823,2.2073506712913513,0.0,True,0.0,0.16850693549711634,1.0016271632054659,5.170162094582065,0.21792839467525482,0.0018758773803710938
200,L0.k,k,0,spectral,spectral_head,2.2385101914405823,2.2077141404151917,-0.00036346912384033203,False,,0.18737534299225625,1.0838853178540926,4.672218092753679,0.2869066596031189,0.0020742416381835938
200,L0.k,k,0,spectral,normuon,2.2385101914405823,2.207361102104187,-1.043081283569336e-05,False,,0.16850693549711634,1.0016271632054659,5.356831844676576,0.21792839467525482,0.0018706321716308594
200,L0.k,k,0,spectral,pw05,2.2385101914405823,2.2095746994018555,-0.0022240281105041504,False,,0.18560550386154756,0.7879519696606342,1.9127882352421837,0.5130134820938111,0.0035347938537597656
200,L0.v,v,0,spectral,adam,2.2385101914405823,2.2134854793548584,-0.00613480806350708,False,,0.4557311977750027,2.252996890706095,3.4481218833227514,0.6116014719009399,0.0041959285736083984
200,L0.v,v,0,spectral,sign,2.2385101914405823,2.2098963856697083,-0.0025457143783569336,False,,0.4557311977750027,2.252996890706095,1.1202909495445927,0.6116014719009399,0.004945516586303711
200,L0.v,v,0,spectral,euclid,2.2385101914405823,2.211012899875641,-0.0036622285842895508,False,,0.15392993484544387,0.7269570354869132,1.013433475840209,1.0,0.006499767303466797
200,L0.v,v,0,spectral,rows,2.2385101914405823,2.210926115512848,-0.003575444221496582,False,,0.16063095367104413,0.8110422645251889,1.2369591222023513,0.9108838438987732,0.005960941314697266
200,L0.v,v,0,spectral,cols,2.2385101914405823,2.210948884487152,-0.0035982131958007812,False,,0.16647743086603184,0.8226598482706442,1.1357426154453407,0.9526731967926025,0.006332874298095703
200,L0.v,v,0,spectral,spectral,2.2385101914405823,2.2073506712913513,0.0,False,,0.11905531550747847,0.8907244233308056,5.745286983240144,0.24472056329250336,0.002907991409301758
200,L0.v,v,0,spectral,spectral_head,2.2385101914405823,2.2080435752868652,-0.000692903995513916,False,,0.13271460999417495,0.9570526484238757,4.4877148670451,0.36677348613739014,0.003651857376098633
200,L0.v,v,0,spectral,normuon,2.2385101914405823,2.207322359085083,2.8312206268310547e-05,True,1.728534698486328e-05,0.11905531550747847,0.8907244233308056,5.879290646879026,0.24472056329250336,0.0029087066650390625
200,L0.v,v,0,spectral,pw05,2.2385101914405823,2.2102776765823364,-0.0029270052909851074,False,,0.12316372351238941,0.6936691300297706,1.8323109489887317,0.5466302633285524,0.00579524040222168
200,L0.o,o,0,spectral,adam,2.2385101914405823,2.210494875907898,-0.003144204616546631,False,,0.5788411946304513,4.494907947737177,13.328596507572533,0.5867167711257935,0.0042078495025634766
200,L0.o,o,0,spectral,sign,2.2385101914405823,2.208554744720459,-0.001204073429107666,False,,0.5788411946304513,4.494907947737177,4.539025956068367,0.5867167711257935,0.004380941390991211
200,L0.o,o,0,spectral,euclid,2.2385101914405823,2.2097928524017334,-0.00244218111038208,False,,0.20316319027991322,1.5672643840216667,3.9406082117100514,1.0,0.005753517150878906
200,L0.o,o,0,spectral,rows,2.2385101914405823,2.20966774225235,-0.002317070960998535,False,,0.21283140359319241,1.6932885816850918,4.447389858546622,0.9446758031845093,0.0055294036865234375
200,L0.o,o,0,spectral,cols,2.2385101914405823,2.209007978439331,-0.0016573071479797363,False,,0.2186092945534625,1.6889419263300154,4.725515887669868,0.9440450668334961,0.005402803421020508
200,L0.o,o,0,spectral,spectral,2.2385101914405823,2.2073506712913513,0.0,True,0.0,0.1893753145597992,1.774751851511736,16.044184418125386,0.37157872319221497,0.0027625560760498047
200,L0.o,o,0,spectral,spectral_head,2.2385101914405823,2.207506477832794,-0.0001558065414428711,False,,0.2053699402951295,1.8978213931304628,13.81914213025977,0.5215629935264587,0.003244638442993164
200,L0.o,o,0,spectral,normuon,2.2385101914405823,2.207351505756378,-8.344650268554688e-07,False,,0.1893753145597992,1.774751851511736,15.98359476402303,0.37157872319221497,0.002765178680419922
200,L0.o,o,0,spectral,pw05,2.2385101914405823,2.208841025829315,-0.0014903545379638672,False,,0.1799608089549742,1.5010666977488019,6.519954550494555,0.6632639765739442,0.004956722259521484
200,L0.up,up,0,spectral,adam,2.2385101914405823,2.2097713947296143,-0.0024207234382629395,False,,2.18571627339755,15.657002385982544,47.24855145107006,0.549974799156189,0.005305767059326172
200,L0.up,up,0,spectral,sign,2.2385101914405823,2.208133280277252,-0.0007826089859008789,False,,2.18571627339755,15.657002385982544,15.141908667480514,0.549974799156189,0.0053119659423828125
200,L0.up,up,0,spectral,euclid,2.2385101914405823,2.2088380455970764,-0.0014873743057250977,False,,0.5858065644750222,3.96416105909323,13.052036757936948,1.0,0.00704646110534668
200,L0.up,up,0,spectral,rows,2.2385101914405823,2.2085368633270264,-0.0011861920356750488,False,,0.9013030404198691,6.472917896516579,15.553788901799965,0.8614140152931213,0.00649714469909668
200,L0.up,up,0,spectral,cols,2.2385101914405823,2.2088075280189514,-0.0014568567276000977,False,,0.6191423211428893,4.27722255608935,14.232480248396456,0.9722021818161011,0.006944179534912109
200,L0.up,up,0,spectral,spectral,2.2385101914405823,2.2073506712913513,0.0,False,,0.5810121276127168,5.101683664293556,41.70988507900611,0.5153598189353943,0.004436969757080078
200,L0.up,up,0,spectral,normuon,2.2385101914405823,2.207348048686981,2.6226043701171875e-06,True,7.748603820800781e-05,0.5810121276127168,5.101683664293556,50.264634068237825,0.5153598189353943,0.00419926643371582
200,L0.up,up,0,spectral,pw05,2.2385101914405823,2.2082778215408325,-0.0009271502494812012,False,,0.5350524225865906,4.03443538950421,20.44467398295472,0.7387268543243409,0.0063402652740478516
200,L0.down,down,0,spectral,adam,2.2385101914405823,2.210649073123932,-0.0032984018325805664,False,,2.2951342273433712,15.991688016022096,46.76409253350763,0.5475308895111084,0.0046846866607666016
200,L0.down,down,0,spectral,sign,2.2385101914405823,2.208804130554199,-0.0014534592628479004,False,,2.2951342273433712,15.991688016022096,15.282380372371295,0.5475308895111084,0.004945278167724609
200,L0.down,down,0,spectral,euclid,2.2385101914405823,2.210382640361786,-0.0030319690704345703,False,,0.6642591791635752,4.285881229676428,11.76503002555003,1.000000238418579,0.0067179203033447266
200,L0.down,down,0,spectral,rows,2.2385101914405823,2.2103728652000427,-0.0030221939086914062,False,,0.7002571020357065,4.588497254715422,12.852443567397994,0.9704620838165283,0.006613492965698242
200,L0.down,down,0,spectral,cols,2.2385101914405823,2.2097777724266052,-0.0024271011352539062,False,,0.9463029374014675,6.624942509484244,15.301267624573764,0.851607084274292,0.006139278411865234
200,L0.down,down,0,spectral,spectral,2.2385101914405823,2.2073506712913513,0.0,True,0.0,0.6402611033395011,5.363690949835984,37.763159441152176,0.4677635431289673,0.004122257232666016
200,L0.down,down,0,spectral,normuon,2.2385101914405823,2.2073591351509094,-8.463859558105469e-06,False,,0.6402611033395011,5.363690949835984,38.138902858557266,0.4677635431289673,0.004125356674194336
200,L0.down,down,0,spectral,pw05,2.2385101914405823,2.2093892693519592,-0.00203859806060791,False,,0.5956814648772629,4.260229901119252,18.573687301290366,0.7098416090011598,0.005994081497192383
200,L1.q,q,1,spectral,adam,2.2385101914405823,2.2079111337661743,-0.000560462474822998,False,,4.057368491786953,21.445418730976506,311.75929851188334,0.5460259914398193,0.0004961490631103516
200,L1.q,q,1,spectral,sign,2.2385101914405823,2.20769864320755,-0.00034797191619873047,False,,4.057368491786953,21.445418730976506,104.71895280187982,0.5460259914398193,0.0004248619079589844
200,L1.q,q,1,spectral,euclid,2.2385101914405823,2.2075964212417603,-0.00024574995040893555,False,,1.450161212792705,7.50999315925131,87.07467799263104,1.0,0.0005850791931152344
200,L1.q,q,1,spectral,rows,2.2385101914405823,2.2076950669288635,-0.00034439563751220703,False,,1.4708704708009868,7.9076675138234505,106.46156664082642,0.8377202153205872,0.0005326271057128906
200,L1.q,q,1,spectral,cols,2.2385101914405823,2.20767080783844,-0.00032013654708862305,False,,1.5487104431602046,8.180890815279268,94.19683089834564,0.9491127133369446,0.0005602836608886719
200,L1.q,q,1,spectral,spectral,2.2385101914405823,2.2073506712913513,0.0,False,,1.035392150379232,6.920924996656608,202.95480160784618,0.2620854079723358,0.0002925395965576172
200,L1.q,q,1,spectral,spectral_head,2.2385101914405823,2.207347273826599,3.3974647521972656e-06,True,-7.510185241699219e-05,1.1121240361990696,7.304377605041603,198.23152403532112,0.3310359716415405,0.0003368854522705078
200,L1.q,q,1,spectral,normuon,2.2385101914405823,2.207357108592987,-6.4373016357421875e-06,False,,1.035392150379232,6.920924996656608,209.79448946930393,0.2620854079723358,0.0002903938293457031
200,L1.q,q,1,spectral,pw05,2.2385101914405823,2.2075132727622986,-0.00016260147094726562,False,,1.1464322885071359,6.582342212111264,115.56989166132531,0.5785093903541566,0.0005371570587158203
200,L1.k,k,1,spectral,adam,2.2385101914405823,2.207268238067627,8.243322372436523e-05,False,,3.173626873289596,11.879037024308415,116.1006551925983,0.5044050216674805,0.0005676746368408203
200,L1.k,k,1,spectral,sign,2.2385101914405823,2.2069445848464966,0.00040608644485473633,False,,3.173626873289596,11.879037024308415,31.59042351652864,0.5044050216674805,0.0005698204040527344
200,L1.k,k,1,spectral,euclid,2.2385101914405823,2.206206798553467,0.0011438727378845215,True,-0.0001156926155090332,1.3426171519597963,4.535272713671001,31.20921585631415,0.9999990463256836,0.0007433891296386719
200,L1.k,k,1,spectral,rows,2.2385101914405823,2.2064472436904907,0.0009034276008605957,False,,1.2935835930600925,4.858109955277581,34.842607949573356,0.7980744242668152,0.0007121562957763672
200,L1.k,k,1,spectral,cols,2.2385101914405823,2.206684648990631,0.0006660223007202148,False,,1.427607778775068,5.084201941650983,27.26834526402153,0.8859796524047852,0.0007255077362060547
200,L1.k,k,1,spectral,spectral,2.2385101914405823,2.2073506712913513,0.0,False,,0.8432629055838109,4.454005759857694,95.86265720874157,0.21724575757980347,0.00035071372985839844
200,L1.k,k,1,spectral,spectral_head,2.2385101914405823,2.2073458433151245,4.827976226806641e-06,False,,0.907559682007763,4.932637733657851,90.17112868589516,0.2752409279346466,0.0004050731658935547
200,L1.k,k,1,spectral,normuon,2.2385101914405823,2.2073572278022766,-6.556510925292969e-06,False,,0.8432629055838109,4.454005759857694,97.86137396418047,0.21724575757980347,0.0003495216369628906
200,L1.k,k,1,spectral,pw05,2.2385101914405823,2.206759214401245,0.0005914568901062012,False,,0.9923532284085558,3.9811141076197942,42.140813145542566,0.5269762873649598,0.0006737709045410156
200,L1.v,v,1,spectral,adam,2.2385101914405823,2.2080203890800476,-0.0006697177886962891,False,,2.375899521069012,14.634397286820318,57.0765268230864,0.6046628355979919,0.0012695789337158203
200,L1.v,v,1,spectral,sign,2.2385101914405823,2.2079808115959167,-0.0006301403045654297,False,,2.375899521069012,14.634397286820318,18.99887889722302,0.6046628355979919,0.0013327598571777344
200,L1.v,v,1,spectral,euclid,2.2385101914405823,2.208228886127472,-0.0008782148361206055,False,,0.7474331280103063,4.56083331711554,15.515671156647123,0.9999997019767761,0.0017609596252441406
200,L1.v,v,1,spectral,rows,2.2385101914405823,2.208250939846039,-0.0009002685546875,False,,0.8190995814930871,5.110597113547622,20.649631037747664,0.9336532354354858,0.0016117095947265625
200,L1.v,v,1,spectral,cols,2.2385101914405823,2.208056092262268,-0.000705420970916748,False,,0.8038546420158615,5.047876239086529,18.335712940028476,0.9515313506126404,0.0016937255859375
200,L1.v,v,1,spectral,spectral,2.2385101914405823,2.2073506712913513,0.0,True,0.0,0.6272359210905434,5.073306735125568,82.85797595089652,0.2759692966938019,0.0007853507995605469
200,L1.v,v,1,spectral,spectral_head,2.2385101914405823,2.2075864672660828,-0.0002357959747314453,False,,0.6858164614293883,5.586840500101359,77.47881078510014,0.38349148631095886,0.0008952617645263672
200,L1.v,v,1,spectral,normuon,2.2385101914405823,2.207356035709381,-5.364418029785156e-06,False,,0.6272359210905434,5.073306735125568,85.04680580617618,0.2759692966938019,0.0007812976837158203
200,L1.v,v,1,spectral,pw05,2.2385101914405823,2.2078702449798584,-0.0005195736885070801,False,,0.6255085138528336,4.260800708528504,29.330984563514765,0.5844034552574159,0.0014972686767578125
200,L1.o,o,1,spectral,adam,2.2385101914405823,2.2076908946037292,-0.0003402233123779297,False,,2.1434676721605435,15.271671067931546,142.37941536510058,0.5903854370117188,0.0011019706726074219
200,L1.o,o,1,spectral,sign,2.2385101914405823,2.2078009843826294,-0.00045031309127807617,False,,2.1434676721605435,15.271671067931546,53.87807658857198,0.5903854370117188,0.0010857582092285156
200,L1.o,o,1,spectral,euclid,2.2385101914405823,2.2082048058509827,-0.0008541345596313477,False,,0.8516271315500571,5.777955408276658,51.02633360121262,0.9999998807907104,0.0013616085052490234
200,L1.o,o,1,spectral,rows,2.2385101914405823,2.2080525159835815,-0.0007018446922302246,False,,0.9283607890466828,6.637074958951661,54.57401761289979,0.9539805054664612,0.0013203620910644531
200,L1.o,o,1,spectral,cols,2.2385101914405823,2.2081159353256226,-0.0007652640342712402,False,,0.8820761366884944,6.254276157515079,57.818115577540475,0.9228911995887756,0.0013132095336914062
200,L1.o,o,1,spectral,spectral,2.2385101914405823,2.2073506712913513,0.0,True,0.0,0.695579615732671,6.185762022223911,203.5686598271827,0.2823273241519928,0.0006229877471923828
200,L1.o,o,1,spectral,spectral_head,2.2385101914405823,2.2076306343078613,-0.00027996301651000977,False,,0.7726764818151216,6.741325283669827,158.26611002149193,0.4054926037788391,0.0008161067962646484
200,L1.o,o,1,spectral,normuon,2.2385101914405823,2.207353115081787,-2.4437904357910156e-06,False,,0.695579615732671,6.185762022223911,203.80447946934976,0.2823273241519928,0.0006239414215087891
200,L1.o,o,1,spectral,pw05,2.2385101914405823,2.2080072164535522,-0.0006565451622009277,False,,0.7066222473618918,5.343232091463306,79.85816503779334,0.5893341302871705,0.0012121200561523438
200,L1.up,up,1,spectral,adam,2.2385101914405823,2.2096282839775085,-0.0022776126861572266,False,,3.861135224879761,30.43658390284272,158.12353872906655,0.5457460284233093,0.002773761749267578
200,L1.up,up,1,spectral,sign,2.2385101914405823,2.2080782055854797,-0.000727534294128418,False,,3.861135224879761,30.43658390284272,49.26903927376107,0.5457460284233093,0.0026557445526123047
200,L1.up,up,1,spectral,euclid,2.2385101914405823,2.209192216396332,-0.0018415451049804688,False,,1.0727585351485511,8.089239547022867,34.571141378990006,1.0000004768371582,0.003683328628540039
200,L1.up,up,1,spectral,rows,2.2385101914405823,2.2086658477783203,-0.0013151764869689941,False,,1.6896648212606329,13.449536693493204,48.795212231349325,0.8582121133804321,0.003325223922729492
200,L1.up,up,1,spectral,cols,2.2385101914405823,2.2090917229652405,-0.0017410516738891602,False,,1.1402926948201626,8.720544607122626,39.85429425441502,0.9584230780601501,0.003594636917114258
200,L1.up,up,1,spectral,spectral,2.2385101914405823,2.2073506712913513,0.0,False,,1.0697049061647386,10.090895313484351,115.57412145945472,0.496736615896225,0.0023424625396728516
200,L1.up,up,1,spectral,normuon,2.2385101914405823,2.2072675824165344,8.308887481689453e-05,True,1.1920928955078125e-07,1.0697049061647386,10.090895313484351,142.86199859305827,0.496736615896225,0.002187967300415039
200,L1.up,up,1,spectral,pw05,2.2385101914405823,2.208447515964508,-0.0010968446731567383,False,,0.9715582088923519,8.063960225142576,55.47442657581427,0.72482568025589,0.003361225128173828
200,L1.down,down,1,spectral,adam,2.2385101914405823,2.2095929384231567,-0.00224226713180542,False,,3.681117001780279,28.64872727219652,68.27281968750847,0.5122483968734741,0.00275421142578125
200,L1.down,down,1,spectral,sign,2.2385101914405823,2.208847463130951,-0.0014967918395996094,False,,3.681117001780279,28.64872727219652,21.535003294321662,0.5122483968734741,0.002933025360107422
200,L1.down,down,1,spectral,euclid,2.2385101914405823,2.2099703550338745,-0.0026196837425231934,False,,0.998125954068423,7.440816377445913,15.715093104616411,0.9999995827674866,0.0040628910064697266
200,L1.down,down,1,spectral,rows,2.2385101914405823,2.210132896900177,-0.0027822256088256836,False,,1.0196746440601554,7.720473897870797,15.587412288858939,0.9482306838035583,0.004019737243652344
200,L1.down,down,1,spectral,cols,2.2385101914405823,2.2092999815940857,-0.001949310302734375,False,,1.3985329801899502,10.932367412234093,23.231691102522376,0.7985317707061768,0.0036504268646240234
200,L1.down,down,1,spectral,spectral,2.2385101914405823,2.2073506712913513,0.0,True,0.0,0.8024102226079028,7.533600189608877,64.3915798079865,0.3191525340080261,0.0021486282348632812
200,L1.down,down,1,spectral,normuon,2.2385101914405823,2.207360327243805,-9.655952453613281e-06,False,,0.8024102226079028,7.533600189608877,64.49501775298567,0.3191525340080261,0.0021543502807617188
200,L1.down,down,1,spectral,pw05,2.2385101914405823,2.2092758417129517,-0.0019251704216003418,False,,0.8234496659922623,6.685917343074767,25.04507669239667,0.6165723204612733,0.0037746429443359375
200,head,head,2,adam,adam,2.2385101914405823,2.2073506712913513,0.0,False,,0.2798406101951369,2.7388212892250245,6.747670111406773,0.327599364060622,0.004008293151855469
200,head,head,2,adam,sign,2.2385101914405823,2.205902099609375,0.0014485716819763184,False,,0.2798406101951369,2.7388212892250245,2.0252253971974326,0.327599364060622,0.0029573440551757812
200,head,head,2,adam,euclid,2.2385101914405823,2.2117435932159424,-0.0043929219245910645,False,,0.14617667369642745,1.0134770560271058,0.7968428250109757,0.9999997615814209,0.0041806697845458984
200,head,head,2,adam,rows,2.2385101914405823,2.2099395990371704,-0.002588927745819092,False,,0.19006956719016024,1.919488884914552,2.1585852597482194,0.5847732543945312,0.0034334659576416016
200,head,head,2,adam,cols,2.2385101914405823,2.209987223148346,-0.002636551856994629,False,,0.15094974076939652,1.0576430979667688,0.8231966640102848,0.8361263871192932,0.0042934417724609375
200,head,head,2,adam,spectral,2.2385101914405823,2.2045528292655945,0.002797842025756836,True,-0.0015200972557067871,0.2644468602058949,2.6702205449081515,4.08556788465986,0.27180445194244385,0.0027179718017578125
