seed,beta,geometry,k,method,theta_over_C,r_eff,ns_dual_rel_err,ns_cos_to_exact
0,0.0,spectral_full_svd,,exact,1.0000000000000053,512.0,,
0,0.0,rows,,exact,1.0000000000000053,512.0,,
0,0.0,cols,,exact,1.0000000000000053,512.0,,
0,0.0,elementwise,,exact,0.6366375581645498,512.0,,
0,0.0,euclidean,,exact,1.0000000000000109,512.0,,
0,0.0,spectral_full_ns,,ns_float32,0.6538425485722963,512.0,-0.19139468925050163,0.999999999999372
0,0.0,spectral_full_ns,,ns_bfloat16,0.6057206585008873,512.0,-0.22171942173732473,0.9994917656420965
0,0.0,spectral_grouped,1,exact,1.0000000000000053,512.0,,
0,0.0,spectral_grouped,2,exact,1.0000000000000053,512.0,,
0,0.0,spectral_grouped,4,exact,1.0000000000000053,512.0,,
0,0.0,spectral_grouped,8,exact,1.0000000000000053,512.0,,
0,0.0,spectral_grouped,16,exact,1.0000000000000053,512.0,,
0,0.0,spectral_grouped,32,exact,1.0000000000000053,512.0,,
0,0.0,spectral_grouped,64,exact,1.0000000000000053,512.0,,
0,0.0,spectral_grouped,128,exact,1.0000000000000053,512.0,,
0,0.0,spectral_grouped,256,exact,1.0000000000000053,512.0,,
0,0.0,spectral_grouped,512,exact,1.0000000000000053,512.0,,
0,0.125,spectral_full_svd,,exact,0.9814904770075195,502.5231242278534,,
0,0.125,rows,,exact,0.9999077503555265,502.5231242278534,,
0,0.125,cols,,exact,0.999899402483361,502.5231242278534,,
0,0.125,elementwise,,exact,0.6382132895921587,502.5231242278534,,
0,0.125,euclidean,,exact,0.9999999999999859,502.5231242278534,,
0,0.125,spectral_full_ns,,ns_float32,0.7721326261809945,502.5231242278534,-0.11304230312346908,0.995031000360652
0,0.125,spectral_full_ns,,ns_bfloat16,0.740664177917045,502.5231242278534,-0.13130439316575615,0.9945580275006745
0,0.25,spectral_full_svd,,exact,0.9090281314861232,465.4224033208939,,
0,0.25,rows,,exact,0.9992605530339708,465.4224033208939,,
0,0.25,cols,,exact,0.9992075775255874,465.4224033208939,,
0,0.25,elementwise,,exact,0.6369157522776039,465.4224033208939,,
0,0.25,euclidean,,exact,1.000000000000005,465.4224033208939,,
0,0.25,spectral_full_ns,,ns_float32,0.8710322373287728,465.4224033208939,-0.02112225991944794,0.9908973633866904
0,0.25,spectral_full_ns,,ns_bfloat16,0.8438567391398353,465.4224033208939,-0.036513353699456075,0.9900874202500225
0,0.375,spectral_full_svd,,exact,0.7609885578423818,389.6261416153,,
0,0.375,rows,,exact,0.9960209405841739,389.6261416153,,
0,0.375,cols,,exact,0.9958151751661831,389.6261416153,,
0,0.375,elementwise,,exact,0.6338458959115079,389.6261416153,,
0,0.375,euclidean,,exact,0.9999999999999971,389.6261416153,,
0,0.375,spectral_full_ns,,ns_float32,0.7242688686713884,389.6261416153,-0.024424588598558006,0.9928760043560453
0,0.375,spectral_full_ns,,ns_bfloat16,0.7304363218211983,389.6261416153,-0.02027967693337296,0.9927818834548999
0,0.5,spectral_full_svd,,exact,0.5501034399781011,281.6529612687863,,
0,0.5,rows,,exact,0.9857455887954026,281.6529612687863,,
0,0.5,cols,,exact,0.9852322853047771,281.6529612687863,,
0,0.5,elementwise,,exact,0.6284313522514429,281.6529612687863,,
0,0.5,euclidean,,exact,1.0000000000000089,281.6529612687863,,
0,0.5,spectral_full_ns,,ns_float32,0.43009353848697357,281.6529612687863,-0.11578214855320224,0.9836140888170725
0,0.5,spectral_full_ns,,ns_bfloat16,0.4332385866656229,281.6529612687863,-0.11255512679105195,0.9835114422209583
0,0.625,spectral_full_svd,,exact,0.33983020106528394,173.99306294542623,,
0,0.625,rows,,exact,0.9606244307494979,173.99306294542623,,
0,0.625,cols,,exact,0.9602155724333914,173.99306294542623,,
0,0.625,elementwise,,exact,0.6110393467184637,173.99306294542623,,
0,0.625,euclidean,,exact,0.9999999999999915,173.99306294542623,,
0,0.625,spectral_full_ns,,ns_float32,0.2602054383984215,173.99306294542623,-0.1249614257740922,0.9904421996959126
0,0.625,spectral_full_ns,,ns_bfloat16,0.25839190230357845,173.99306294542623,-0.12801610591073842,0.9899023299602232
0,0.75,spectral_full_svd,,exact,0.1880897846203739,96.30196972563164,,
0,0.75,rows,,exact,0.9279381880842846,96.30196972563164,,
0,0.75,cols,,exact,0.9331840127605485,96.30196972563164,,
0,0.75,elementwise,,exact,0.5940571238942235,96.30196972563164,,
0,0.75,euclidean,,exact,0.9999999999999967,96.30196972563164,,
0,0.75,spectral_full_ns,,ns_float32,0.14222458966557064,96.30196972563164,-0.1304296157753756,0.9893749923349185
0,0.75,spectral_full_ns,,ns_bfloat16,0.14289312371499965,96.30196972563164,-0.12838828149964676,0.9892811791173655
0,0.75,spectral_grouped,1,exact,0.9279381880842846,96.30196972563164,,
0,0.75,spectral_grouped,2,exact,0.8971698903367812,96.30196972563164,,
0,0.75,spectral_grouped,4,exact,0.8381811466088387,96.30196972563164,,
0,0.75,spectral_grouped,8,exact,0.7591762083896479,96.30196972563164,,
0,0.75,spectral_grouped,16,exact,0.6576740943563157,96.30196972563164,,
0,0.75,spectral_grouped,32,exact,0.5473350430498886,96.30196972563164,,
0,0.75,spectral_grouped,64,exact,0.4372359323725731,96.30196972563164,,
0,0.75,spectral_grouped,128,exact,0.3385534173480374,96.30196972563164,,
0,0.75,spectral_grouped,256,exact,0.25539777989845247,96.30196972563164,,
0,0.75,spectral_grouped,512,exact,0.1880897846203739,96.30196972563164,,
0,0.875,spectral_full_svd,,exact,0.10053002259669232,51.47137156950638,,
0,0.875,rows,,exact,0.890445913198169,51.47137156950638,,
0,0.875,cols,,exact,0.888424153743289,51.47137156950638,,
0,0.875,elementwise,,exact,0.5643657606896199,51.47137156950638,,
0,0.875,euclidean,,exact,1.000000000000004,51.47137156950638,,
0,0.875,spectral_full_ns,,ns_float32,0.08864071049479293,51.47137156950638,-0.06099322845618038,0.9843331822076482
0,0.875,spectral_full_ns,,ns_bfloat16,0.08871996536582971,51.47137156950638,-0.06057353285344014,0.9841855871068635
0,1.0,spectral_full_svd,,exact,0.055235971188894624,28.280817248714026,,
0,1.0,rows,,exact,0.8698114687560766,28.280817248714026,,
0,1.0,cols,,exact,0.8627197169505697,28.280817248714026,,
0,1.0,elementwise,,exact,0.5565969374954587,28.280817248714026,,
0,1.0,euclidean,,exact,1.000000000000003,28.280817248714026,,
0,1.0,spectral_full_ns,,ns_float32,0.048410080114424964,28.280817248714026,-0.06382529293884243,0.9844114445900323
0,1.0,spectral_full_ns,,ns_bfloat16,0.04842209855909394,28.280817248714026,-0.06370909125468582,0.983693467726342
0,1.125,spectral_full_svd,,exact,0.03236738425674432,16.572100739453063,,
0,1.125,rows,,exact,0.8364556487153118,16.572100739453063,,
0,1.125,cols,,exact,0.8280607210724468,16.572100739453063,,
0,1.125,elementwise,,exact,0.5328272532242848,16.572100739453063,,
0,1.125,euclidean,,exact,1.0000000000000018,16.572100739453063,,
0,1.125,spectral_full_ns,,ns_float32,0.028260904847983836,16.572100739453063,-0.06558623048268575,0.939109331128597
0,1.125,spectral_full_ns,,ns_bfloat16,0.02829025177185863,16.572100739453063,-0.065101195509221,0.9369002491248655
0,1.25,spectral_full_svd,,exact,0.020523335456783653,10.507947753873232,,
0,1.25,rows,,exact,0.8056745822425896,10.507947753873232,,
0,1.25,cols,,exact,0.7892268131342165,10.507947753873232,,
0,1.25,elementwise,,exact,0.5051004304989022,10.507947753873232,,
0,1.25,euclidean,,exact,1.0000000000000009,10.507947753873232,,
0,1.25,spectral_full_ns,,ns_float32,0.01569546707825458,10.507947753873232,-0.1254932816879386,0.8521711149128257
0,1.25,spectral_full_ns,,ns_bfloat16,0.01554457475758169,10.507947753873232,-0.1297070788981206,0.8486211494326028
0,1.375,spectral_full_svd,,exact,0.014075143138597163,7.206473286961751,,
0,1.375,rows,,exact,0.7781529515096851,7.206473286961751,,
0,1.375,cols,,exact,0.7665460650924252,7.206473286961751,,
0,1.375,elementwise,,exact,0.4879043662648021,7.206473286961751,,
0,1.375,euclidean,,exact,0.9999999999999984,7.206473286961751,,
0,1.375,spectral_full_ns,,ns_float32,0.009090193126633636,7.206473286961751,-0.19636259057623195,0.7457997517940566
0,1.375,spectral_full_ns,,ns_bfloat16,0.009154271018135882,7.206473286961751,-0.19353509510266165,0.7395455446053899
0,1.5,spectral_full_svd,,exact,0.010351297071910055,5.299864100817956,,
0,1.5,rows,,exact,0.7427735115769218,5.299864100817956,,
0,1.5,cols,,exact,0.7798084362569284,5.299864100817956,,
0,1.5,elementwise,,exact,0.485433500709816,5.299864100817956,,
0,1.5,euclidean,,exact,0.9999999999999983,5.299864100817956,,
0,1.5,spectral_full_ns,,ns_float32,0.007035738545400446,5.299864100817956,-0.17556302740766905,0.6386061913274073
0,1.5,spectral_full_ns,,ns_bfloat16,0.007062119552468571,5.299864100817956,-0.17401883074748492,0.6315296551238987
0,1.5,spectral_grouped,1,exact,0.7427735115769218,5.299864100817956,,
0,1.5,spectral_grouped,2,exact,0.6307334430800385,5.299864100817956,,
0,1.5,spectral_grouped,4,exact,0.4802353734747694,5.299864100817956,,
0,1.5,spectral_grouped,8,exact,0.3301676759227076,5.299864100817956,,
0,1.5,spectral_grouped,16,exact,0.20851849173776868,5.299864100817956,,
0,1.5,spectral_grouped,32,exact,0.12282550113914951,5.299864100817956,,
0,1.5,spectral_grouped,64,exact,0.06892127153753531,5.299864100817956,,
0,1.5,spectral_grouped,128,exact,0.037362570017828896,5.299864100817956,,
0,1.5,spectral_grouped,256,exact,0.01981131223634661,5.299864100817956,,
0,1.5,spectral_grouped,512,exact,0.010351297071910055,5.299864100817956,,
1,0.0,spectral_full_svd,,exact,1.0000000000000016,512.0,,
1,0.0,rows,,exact,1.0000000000000016,512.0,,
1,0.0,cols,,exact,1.0000000000000016,512.0,,
1,0.0,elementwise,,exact,0.6367036045026458,512.0,,
1,0.0,euclidean,,exact,1.0000000000000033,512.0,,
1,0.0,spectral_full_ns,,ns_float32,0.6538430656056314,512.0,-0.19139436954369993,0.9999999999993145
1,0.0,spectral_full_ns,,ns_bfloat16,0.6065708371873741,512.0,-0.22117342290637432,0.9994727367286192
1,0.0,spectral_grouped,1,exact,1.0000000000000016,512.0,,
1,0.0,spectral_grouped,2,exact,1.0000000000000016,512.0,,
1,0.0,spectral_grouped,4,exact,1.0000000000000016,512.0,,
1,0.0,spectral_grouped,8,exact,1.0000000000000016,512.0,,
1,0.0,spectral_grouped,16,exact,1.0000000000000016,512.0,,
1,0.0,spectral_grouped,32,exact,1.0000000000000016,512.0,,
1,0.0,spectral_grouped,64,exact,1.0000000000000016,512.0,,
1,0.0,spectral_grouped,128,exact,1.0000000000000016,512.0,,
1,0.0,spectral_grouped,256,exact,1.0000000000000016,512.0,,
1,0.0,spectral_grouped,512,exact,1.0000000000000016,512.0,,
1,0.125,spectral_full_svd,,exact,0.9814904770075269,502.5231242278535,,
1,0.125,rows,,exact,0.9999014823103406,502.5231242278535,,
1,0.125,cols,,exact,0.999913906198392,502.5231242278535,,
1,0.125,elementwise,,exact,0.6375701386268354,502.5231242278535,,
1,0.125,euclidean,,exact,1.0000000000000009,502.5231242278535,,
1,0.125,spectral_full_ns,,ns_float32,0.7721312496346138,502.5231242278535,-0.1130430937512158,0.9950310201766944
1,0.125,spectral_full_ns,,ns_bfloat16,0.740168100597509,502.5231242278535,-0.13159535658970234,0.9945588518607529
1,0.25,spectral_full_svd,,exact,0.9090281314861174,465.4224033208939,,
1,0.25,rows,,exact,0.9991538700799757,465.4224033208939,,
1,0.25,cols,,exact,0.9993022102223005,465.4224033208939,,
1,0.25,elementwise,,exact,0.6369446870310083,465.4224033208939,,
1,0.25,euclidean,,exact,0.9999999999999926,465.4224033208939,,
1,0.25,spectral_full_ns,,ns_float32,0.8710324914886146,465.4224033208939,-0.021122117105331628,0.9908973662725585
1,0.25,spectral_full_ns,,ns_bfloat16,0.8448024536539906,465.4224033208939,-0.035973612701740154,0.9901020124954455
1,0.375,spectral_full_svd,,exact,0.7609885578423857,389.62614161529996,,
1,0.375,rows,,exact,0.9961027181509092,389.62614161529996,,
1,0.375,cols,,exact,0.9963066126455984,389.62614161529996,,
1,0.375,elementwise,,exact,0.6345521989603753,389.62614161529996,,
1,0.375,euclidean,,exact,1.0000000000000075,389.62614161529996,,
1,0.375,spectral_full_ns,,ns_float32,0.724268859235262,389.62614161529996,-0.024424594953695866,0.9928760055201755
1,0.375,spectral_full_ns,,ns_bfloat16,0.7297634545269055,389.62614161529996,-0.020731032944559247,0.992777246136963
1,0.5,spectral_full_svd,,exact,0.5501034399780973,281.65296126878644,,
1,0.5,rows,,exact,0.9814744194249566,281.65296126878644,,
1,0.5,cols,,exact,0.9841969644480774,281.65296126878644,,
1,0.5,elementwise,,exact,0.6249110931394096,281.65296126878644,,
1,0.5,euclidean,,exact,0.9999999999999966,281.65296126878644,,
1,0.5,spectral_full_ns,,ns_float32,0.4300935136704417,281.65296126878644,-0.11578217406302338,0.9836140861890843
1,0.5,spectral_full_ns,,ns_bfloat16,0.4332471192638864,281.65296126878644,-0.11254638775725379,0.9835242549964502
1,0.625,spectral_full_svd,,exact,0.3398302010652867,173.99306294542617,,
1,0.625,rows,,exact,0.9608699299975406,173.99306294542617,,
1,0.625,cols,,exact,0.9586895122257941,173.99306294542617,,
1,0.625,elementwise,,exact,0.6094852843254394,173.99306294542617,,
1,0.625,euclidean,,exact,1.0000000000000069,173.99306294542617,,
1,0.625,spectral_full_ns,,ns_float32,0.26020540774692125,173.99306294542617,-0.12496147731269114,0.9904421891371068
1,0.625,spectral_full_ns,,ns_bfloat16,0.25870973785728735,173.99306294542617,-0.12747997782926068,0.9899068972831906
1,0.75,spectral_full_svd,,exact,0.18808978462037346,96.30196972563158,,
1,0.75,rows,,exact,0.923525813374513,96.30196972563158,,
1,0.75,cols,,exact,0.9300717313141456,96.30196972563158,,
1,0.75,elementwise,,exact,0.589533924667997,96.30196972563158,,
1,0.75,euclidean,,exact,0.9999999999999913,96.30196972563158,,
1,0.75,spectral_full_ns,,ns_float32,0.1422246353200739,96.30196972563158,-0.13042947620808543,0.9893750003316628
1,0.75,spectral_full_ns,,ns_bfloat16,0.14284955917848907,96.30196972563158,-0.1285211579254556,0.9892719604242829
1,0.75,spectral_grouped,1,exact,0.923525813374513,96.30196972563158,,
1,0.75,spectral_grouped,2,exact,0.8947566443316459,96.30196972563158,,
1,0.75,spectral_grouped,4,exact,0.8429551425118722,96.30196972563158,,
1,0.75,spectral_grouped,8,exact,0.7608117953333511,96.30196972563158,,
1,0.75,spectral_grouped,16,exact,0.656471069613154,96.30196972563158,,
1,0.75,spectral_grouped,32,exact,0.5449877991554678,96.30196972563158,,
1,0.75,spectral_grouped,64,exact,0.4372585838347994,96.30196972563158,,
1,0.75,spectral_grouped,128,exact,0.33874403388276664,96.30196972563158,,
1,0.75,spectral_grouped,256,exact,0.2553718389062919,96.30196972563158,,
1,0.75,spectral_grouped,512,exact,0.18808978462037346,96.30196972563158,,
1,0.875,spectral_full_svd,,exact,0.10053002259669248,51.47137156950637,,
1,0.875,rows,,exact,0.894886364637214,51.47137156950637,,
1,0.875,cols,,exact,0.8905058151153682,51.47137156950637,,
1,0.875,elementwise,,exact,0.5695942887840926,51.47137156950637,,
1,0.875,euclidean,,exact,1.0000000000000069,51.47137156950637,,
1,0.875,spectral_full_ns,,ns_float32,0.08864070901533644,51.47137156950637,-0.06099323629242048,0.9843331831407344
1,0.875,spectral_full_ns,,ns_bfloat16,0.0886845685367267,51.47137156950637,-0.060760954226788844,0.9841829000624162
1,1.0,spectral_full_svd,,exact,0.05523597118889496,28.280817248714015,,
1,1.0,rows,,exact,0.8566412012317342,28.280817248714015,,
1,1.0,cols,,exact,0.8514103974219007,28.280817248714015,,
1,1.0,elementwise,,exact,0.5416113110458286,28.280817248714015,,
1,1.0,euclidean,,exact,1.0000000000000147,28.280817248714015,,
1,1.0,spectral_full_ns,,ns_float32,0.048410072305482985,28.280817248714015,-0.06382536844516773,0.9844114375166534
1,1.0,spectral_full_ns,,ns_bfloat16,0.04838348550853562,28.280817248714015,-0.06408247716210336,0.9836743854937582
1,1.125,spectral_full_svd,,exact,0.032367384256744264,16.57210073945308,,
1,1.125,rows,,exact,0.8232331232583725,16.57210073945308,,
1,1.125,cols,,exact,0.8253289006082454,16.57210073945308,,
1,1.125,elementwise,,exact,0.5226467186874065,16.57210073945308,,
1,1.125,euclidean,,exact,0.9999999999999989,16.57210073945308,,
1,1.125,spectral_full_ns,,ns_float32,0.028260918314604904,16.57210073945308,-0.06558600785367308,0.9391092323075544
1,1.125,spectral_full_ns,,ns_bfloat16,0.028293933431306473,16.57210073945308,-0.06504036418351111,0.9369803367200387
1,1.25,spectral_full_svd,,exact,0.020523335456783823,10.50794775387323,,
1,1.25,rows,,exact,0.7945660184192904,10.50794775387323,,
1,1.25,cols,,exact,0.8127925162201017,10.50794775387323,,
1,1.25,elementwise,,exact,0.5134363264387695,10.50794775387323,,
1,1.25,euclidean,,exact,1.0000000000000153,10.50794775387323,,
1,1.25,spectral_full_ns,,ns_float32,0.015695514508761617,10.50794775387323,-0.12549196034256505,0.8521710228974868
1,1.25,spectral_full_ns,,ns_bfloat16,0.015535367332855158,10.50794775387323,-0.12996486476984614,0.8483817513234889
1,1.375,spectral_full_svd,,exact,0.014075143138597286,7.20647328696175,,
1,1.375,rows,,exact,0.7711309674221188,7.20647328696175,,
1,1.375,cols,,exact,0.7735073439664616,7.20647328696175,,
1,1.375,elementwise,,exact,0.48767043496274015,7.20647328696175,,
1,1.375,euclidean,,exact,1.0000000000000147,7.20647328696175,,
1,1.375,spectral_full_ns,,ns_float32,0.009090180613683631,7.20647328696175,-0.19636314369309693,0.7457998078493255
1,1.375,spectral_full_ns,,ns_bfloat16,0.00914417217038286,7.20647328696175,-0.1939800575524655,0.7399244544736182
1,1.5,spectral_full_svd,,exact,0.010351297071910018,5.299864100817956,,
1,1.5,rows,,exact,0.7456159546342497,5.299864100817956,,
1,1.5,cols,,exact,0.7430327842860149,5.299864100817956,,
1,1.5,elementwise,,exact,0.46483690364786684,5.299864100817956,,
1,1.5,euclidean,,exact,0.9999999999999903,5.299864100817956,,
1,1.5,spectral_full_ns,,ns_float32,0.007035732150155967,5.299864100817956,-0.17556340210018628,0.6386060854962669
1,1.5,spectral_full_ns,,ns_bfloat16,0.00706118412569855,5.299864100817956,-0.17407353602956976,0.631108385303543
1,1.5,spectral_grouped,1,exact,0.74561595463425,5.299864100817956,,
1,1.5,spectral_grouped,2,exact,0.6307310182464669,5.299864100817956,,
1,1.5,spectral_grouped,4,exact,0.4774416585492105,5.299864100817956,,
1,1.5,spectral_grouped,8,exact,0.33479188131645643,5.299864100817956,,
1,1.5,spectral_grouped,16,exact,0.20942447863661226,5.299864100817956,,
1,1.5,spectral_grouped,32,exact,0.12287198433334341,5.299864100817956,,
1,1.5,spectral_grouped,64,exact,0.06863579844292575,5.299864100817956,,
1,1.5,spectral_grouped,128,exact,0.037241415109427106,5.299864100817956,,
1,1.5,spectral_grouped,256,exact,0.01976481604337108,5.299864100817956,,
1,1.5,spectral_grouped,512,exact,0.010351297071910018,5.299864100817956,,
2,0.0,spectral_full_svd,,exact,0.9999999999999989,512.0,,
2,0.0,rows,,exact,0.9999999999999989,512.0,,
2,0.0,cols,,exact,0.9999999999999989,512.0,,
2,0.0,elementwise,,exact,0.6371763350874162,512.0,,
2,0.0,euclidean,,exact,0.9999999999999974,512.0,,
2,0.0,spectral_full_ns,,ns_float32,0.6538427881069422,512.0,-0.19139454113458831,0.9999999999993333
2,0.0,spectral_full_ns,,ns_bfloat16,0.6093263948759609,512.0,-0.21940638301612947,0.9994269629085556
2,0.0,spectral_grouped,1,exact,0.9999999999999989,512.0,,
2,0.0,spectral_grouped,2,exact,0.9999999999999989,512.0,,
2,0.0,spectral_grouped,4,exact,0.9999999999999989,512.0,,
2,0.0,spectral_grouped,8,exact,0.9999999999999989,512.0,,
2,0.0,spectral_grouped,16,exact,0.9999999999999989,512.0,,
2,0.0,spectral_grouped,32,exact,0.9999999999999989,512.0,,
2,0.0,spectral_grouped,64,exact,0.9999999999999989,512.0,,
2,0.0,spectral_grouped,128,exact,0.9999999999999989,512.0,,
2,0.0,spectral_grouped,256,exact,0.9999999999999989,512.0,,
2,0.0,spectral_grouped,512,exact,0.9999999999999989,512.0,,
2,0.125,spectral_full_svd,,exact,0.9814904770075246,502.5231242278535,,
2,0.125,rows,,exact,0.9999095176312922,502.5231242278535,,
2,0.125,cols,,exact,0.9999147306195485,502.5231242278535,,
2,0.125,elementwise,,exact,0.636991922092425,502.5231242278535,,
2,0.125,euclidean,,exact,0.9999999999999962,502.5231242278535,,
2,0.125,spectral_full_ns,,ns_float32,0.7721314580565247,502.5231242278535,-0.11304297404278374,0.9950310194851127
2,0.125,spectral_full_ns,,ns_bfloat16,0.7399394319813173,502.5231242278535,-0.13172951005259104,0.9945385728837349
2,0.25,spectral_full_svd,,exact,0.9090281314861218,465.4224033208939,,
2,0.25,rows,,exact,0.9991572665644681,465.4224033208939,,
2,0.25,cols,,exact,0.999078878655812,465.4224033208939,,
2,0.25,elementwise,,exact,0.6370064036571133,465.4224033208939,,
2,0.25,euclidean,,exact,1.0000000000000022,465.4224033208939,,
2,0.25,spectral_full_ns,,ns_float32,0.8710323298449556,465.4224033208939,-0.02112220793398345,0.9908973664567631
2,0.25,spectral_full_ns,,ns_bfloat16,0.8426505538034416,465.4224033208939,-0.03720219043654638,0.9900542869915894
2,0.375,spectral_full_svd,,exact,0.7609885578423822,389.6261416152999,,
2,0.375,rows,,exact,0.9962438159672184,389.6261416152999,,
2,0.375,cols,,exact,0.9958565251127935,389.6261416152999,,
2,0.375,elementwise,,exact,0.634884287156352,389.6261416152999,,
2,0.375,euclidean,,exact,0.9999999999999982,389.6261416152999,,
2,0.375,spectral_full_ns,,ns_float32,0.724268665238907,389.6261416152999,-0.024424725608272024,0.9928760057568707
2,0.375,spectral_full_ns,,ns_bfloat16,0.7304409531999173,389.6261416152999,-0.02027657094827462,0.9927768942739238
2,0.5,spectral_full_svd,,exact,0.5501034399780983,281.65296126878644,,
2,0.5,rows,,exact,0.9861142100118387,281.65296126878644,,
2,0.5,cols,,exact,0.983933294461623,281.65296126878644,,
2,0.5,elementwise,,exact,0.6284164123363839,281.65296126878644,,
2,0.5,euclidean,,exact,0.9999999999999993,281.65296126878644,,
2,0.5,spectral_full_ns,,ns_float32,0.4300934918449911,281.65296126878644,-0.11578219649820631,0.9836140876116976
2,0.5,spectral_full_ns,,ns_bfloat16,0.43295221054228245,281.65296126878644,-0.11284848135607117,0.9835367955925184
2,0.625,spectral_full_svd,,exact,0.33983020106528505,173.9930629454262,,
2,0.625,rows,,exact,0.9589079823330928,173.9930629454262,,
2,0.625,cols,,exact,0.9608005583842382,173.9930629454262,,
2,0.625,elementwise,,exact,0.6106405817087162,173.9930629454262,,
2,0.625,euclidean,,exact,0.9999999999999966,173.9930629454262,,
2,0.625,spectral_full_ns,,ns_float32,0.26020540325780234,173.9930629454262,-0.12496148486086422,0.9904421865924717
2,0.625,spectral_full_ns,,ns_bfloat16,0.258730532693761,173.9930629454262,-0.12744491237956102,0.9899531626648702
2,0.75,spectral_full_svd,,exact,0.18808978462037365,96.30196972563161,,
2,0.75,rows,,exact,0.9252798067422519,96.30196972563161,,
2,0.75,cols,,exact,0.9287254509667967,96.30196972563161,,
2,0.75,elementwise,,exact,0.5901530786548805,96.30196972563161,,
2,0.75,euclidean,,exact,0.9999999999999933,96.30196972563161,,
2,0.75,spectral_full_ns,,ns_float32,0.14222465115937669,96.30196972563161,-0.13042942778683175,0.989375001446766
2,0.75,spectral_full_ns,,ns_bfloat16,0.1426285314228978,96.30196972563161,-0.12919562825915687,0.9892643700372471
2,0.75,spectral_grouped,1,exact,0.9252798067422519,96.30196972563161,,
2,0.75,spectral_grouped,2,exact,0.8954635577745705,96.30196972563161,,
2,0.75,spectral_grouped,4,exact,0.8406503625463794,96.30196972563161,,
2,0.75,spectral_grouped,8,exact,0.7609444232730322,96.30196972563161,,
2,0.75,spectral_grouped,16,exact,0.6568086362893429,96.30196972563161,,
2,0.75,spectral_grouped,32,exact,0.5452758121795606,96.30196972563161,,
2,0.75,spectral_grouped,64,exact,0.4369663216808468,96.30196972563161,,
2,0.75,spectral_grouped,128,exact,0.33890340104136907,96.30196972563161,,
2,0.75,spectral_grouped,256,exact,0.2552564826666747,96.30196972563161,,
2,0.75,spectral_grouped,512,exact,0.18808978462037365,96.30196972563161,,
2,0.875,spectral_full_svd,,exact,0.1005300225966919,51.47137156950633,,
2,0.875,rows,,exact,0.8865439802016488,51.47137156950633,,
2,0.875,cols,,exact,0.8928413514883088,51.47137156950633,,
2,0.875,elementwise,,exact,0.5655114083868067,51.47137156950633,,
2,0.875,euclidean,,exact,0.9999999999999959,51.47137156950633,,
2,0.875,spectral_full_ns,,ns_float32,0.08864071206154854,51.47137156950633,-0.06099322015754172,0.9843331894808802
2,0.875,spectral_full_ns,,ns_bfloat16,0.08868360958447102,51.47137156950633,-0.06076603226827215,0.9841726798606613
2,1.0,spectral_full_svd,,exact,0.055235971188895,28.280817248714,,
2,1.0,rows,,exact,0.8609439726757672,28.280817248714,,
2,1.0,cols,,exact,0.8584532299864274,28.280817248714,,
2,1.0,elementwise,,exact,0.5488713581014188,28.280817248714,,
2,1.0,euclidean,,exact,1.0000000000000153,28.280817248714,,
2,1.0,spectral_full_ns,,ns_float32,0.04841009197570188,28.280817248714,-0.06382517824964451,0.9844114596637247
2,1.0,spectral_full_ns,,ns_bfloat16,0.04842893310015443,28.280817248714,-0.06364301715767817,0.9836839460656711
2,1.125,spectral_full_svd,,exact,0.03236738425674407,16.572100739453084,,
2,1.125,rows,,exact,0.8391990227559725,16.572100739453084,,
2,1.125,cols,,exact,0.8244177156611624,16.572100739453084,,
2,1.125,elementwise,,exact,0.5321099204568603,16.572100739453084,,
2,1.125,euclidean,,exact,0.9999999999999872,16.572100739453084,,
2,1.125,spectral_full_ns,,ns_float32,0.028260915151265126,16.572100739453084,-0.06558606014972446,0.9391092639884445
2,1.125,spectral_full_ns,,ns_bfloat16,0.02828834757333129,16.572100739453084,-0.06513265975525317,0.936875999501956
2,1.25,spectral_full_svd,,exact,0.02052333545678368,10.507947753873227,,
2,1.25,rows,,exact,0.8086488659691045,10.507947753873227,,
2,1.25,cols,,exact,0.7961824369916651,10.507947753873227,,
2,1.25,elementwise,,exact,0.5119480417475049,10.507947753873227,,
2,1.25,euclidean,,exact,1.0000000000000018,10.507947753873227,,
2,1.25,spectral_full_ns,,ns_float32,0.015695498439469446,10.507947753873227,-0.12549240800959416,0.8521710519068887
2,1.25,spectral_full_ns,,ns_bfloat16,0.015543913807046603,10.507947753873227,-0.12972558138839596,0.8485676869272015
2,1.375,spectral_full_svd,,exact,0.014075143138597186,7.206473286961747,,
2,1.375,rows,,exact,0.7857723602133835,7.206473286961747,,
2,1.375,cols,,exact,0.7879383507484042,7.206473286961747,,
2,1.375,elementwise,,exact,0.5062581971472457,7.206473286961747,,
2,1.375,euclidean,,exact,1.0000000000000029,7.206473286961747,,
2,1.375,spectral_full_ns,,ns_float32,0.009090183842262985,7.206473286961747,-0.1963630009783761,0.7457997813692432
2,1.375,spectral_full_ns,,ns_bfloat16,0.009153587843337833,7.206473286961747,-0.19356518852993665,0.7397068745710468
2,1.5,spectral_full_svd,,exact,0.010351297071910102,5.299864100817955,,
2,1.5,rows,,exact,0.759637544520266,5.299864100817955,,
2,1.5,cols,,exact,0.7449390214694186,5.299864100817955,,
2,1.5,elementwise,,exact,0.47471052010835224,5.299864100817955,,
2,1.5,euclidean,,exact,1.000000000000008,5.299864100817955,,
2,1.5,spectral_full_ns,,ns_float32,0.007035737480919323,5.299864100817955,-0.17556308977479995,0.6386061699523785
2,1.5,spectral_full_ns,,ns_bfloat16,0.00706567482659129,5.299864100817955,-0.17381094556817345,0.6313080742922508
2,1.5,spectral_grouped,1,exact,0.7596375445202658,5.299864100817955,,
2,1.5,spectral_grouped,2,exact,0.6390562135332526,5.299864100817955,,
2,1.5,spectral_grouped,4,exact,0.4900444576452734,5.299864100817955,,
2,1.5,spectral_grouped,8,exact,0.33421149172906206,5.299864100817955,,
2,1.5,spectral_grouped,16,exact,0.20962579661565986,5.299864100817955,,
2,1.5,spectral_grouped,32,exact,0.12357950402060704,5.299864100817955,,
2,1.5,spectral_grouped,64,exact,0.06895224021495888,5.299864100817955,,
2,1.5,spectral_grouped,128,exact,0.03740656118254669,5.299864100817955,,
2,1.5,spectral_grouped,256,exact,0.019829999943684874,5.299864100817955,,
2,1.5,spectral_grouped,512,exact,0.010351297071910102,5.299864100817955,,
3,0.0,spectral_full_svd,,exact,1.0000000000000004,512.0,,
3,0.0,rows,,exact,1.0000000000000004,512.0,,
3,0.0,cols,,exact,1.0000000000000004,512.0,,
3,0.0,elementwise,,exact,0.6362823931497853,512.0,,
3,0.0,euclidean,,exact,1.0000000000000009,512.0,,
3,0.0,spectral_full_ns,,ns_float32,0.6538440838916315,512.0,-0.19139373988842312,0.9999999999991761
3,0.0,spectral_full_ns,,ns_bfloat16,0.6071825718610602,512.0,-0.2207807934470173,0.9994638780542391
3,0.0,spectral_grouped,1,exact,1.0000000000000004,512.0,,
3,0.0,spectral_grouped,2,exact,1.0000000000000004,512.0,,
3,0.0,spectral_grouped,4,exact,1.0000000000000004,512.0,,
3,0.0,spectral_grouped,8,exact,1.0000000000000004,512.0,,
3,0.0,spectral_grouped,16,exact,1.0000000000000004,512.0,,
3,0.0,spectral_grouped,32,exact,1.0000000000000004,512.0,,
3,0.0,spectral_grouped,64,exact,1.0000000000000004,512.0,,
3,0.0,spectral_grouped,128,exact,1.0000000000000004,512.0,,
3,0.0,spectral_grouped,256,exact,1.0000000000000004,512.0,,
3,0.0,spectral_grouped,512,exact,1.0000000000000004,512.0,,
3,0.125,spectral_full_svd,,exact,0.9814904770075183,502.5231242278535,,
3,0.125,rows,,exact,0.999900496337801,502.5231242278535,,
3,0.125,cols,,exact,0.9998986392459513,502.5231242278535,,
3,0.125,elementwise,,exact,0.6372366343824013,502.5231242278535,,
3,0.125,euclidean,,exact,0.9999999999999832,502.5231242278535,,
3,0.125,spectral_full_ns,,ns_float32,0.7721311752588782,502.5231242278535,-0.1130431364693858,0.995031025960039
3,0.125,spectral_full_ns,,ns_bfloat16,0.7373145287417266,502.5231242278535,-0.13327095438694958,0.9945019837581092
3,0.25,spectral_full_svd,,exact,0.9090281314861218,465.42240332089375,,
3,0.25,rows,,exact,0.9992541393187987,465.42240332089375,,
3,0.25,cols,,exact,0.9992791282664601,465.42240332089375,,
3,0.25,elementwise,,exact,0.6363905179932714,465.42240332089375,,
3,0.25,euclidean,,exact,1.000000000000002,465.42240332089375,,
3,0.25,spectral_full_ns,,ns_float32,0.8710317461013195,465.42240332089375,-0.021122535943494558,0.9908973586389829
3,0.25,spectral_full_ns,,ns_bfloat16,0.8442442332523585,465.42240332089375,-0.03629216535317026,0.9900859833595772
3,0.375,spectral_full_svd,,exact,0.760988557842384,389.6261416152999,,
3,0.375,rows,,exact,0.9960748266300271,389.6261416152999,,
3,0.375,cols,,exact,0.9960313951506897,389.6261416152999,,
3,0.375,elementwise,,exact,0.6355627728220555,389.6261416152999,,
3,0.375,euclidean,,exact,1.0000000000000029,389.6261416152999,,
3,0.375,spectral_full_ns,,ns_float32,0.7242691029673398,389.6261416152999,-0.024424430802635677,0.9928760073786561
3,0.375,spectral_full_ns,,ns_bfloat16,0.7300402755508095,389.6261416152999,-0.020545317604924285,0.9927708259096385
3,0.5,spectral_full_svd,,exact,0.5501034399780997,281.6529612687863,,
3,0.5,rows,,exact,0.9853156508424769,281.6529612687863,,
3,0.5,cols,,exact,0.9864506440030782,281.6529612687863,,
3,0.5,elementwise,,exact,0.6284219027155747,281.6529612687863,,
3,0.5,euclidean,,exact,1.000000000000005,281.6529612687863,,
3,0.5,spectral_full_ns,,ns_float32,0.4300935724290071,281.6529612687863,-0.11578211366294067,0.9836140763657769
3,0.5,spectral_full_ns,,ns_bfloat16,0.4323439080599199,281.6529612687863,-0.11347192910265469,0.9834110454800324
3,0.625,spectral_full_svd,,exact,0.3398302010652849,173.99306294542615,,
3,0.625,rows,,exact,0.9600046482577586,173.99306294542615,,
3,0.625,cols,,exact,0.9630359560418048,173.99306294542615,,
3,0.625,elementwise,,exact,0.6123447635781871,173.99306294542615,,
3,0.625,euclidean,,exact,0.9999999999999951,173.99306294542615,,
3,0.625,spectral_full_ns,,ns_float32,0.2602054360970964,173.99306294542615,-0.12496142964362811,0.9904422018637804
3,0.625,spectral_full_ns,,ns_bfloat16,0.25824701637024366,173.99306294542615,-0.12826061031341096,0.989875608016998
3,0.75,spectral_full_svd,,exact,0.1880897846203745,96.30196972563161,,
3,0.75,rows,,exact,0.9302606070862621,96.30196972563161,,
3,0.75,cols,,exact,0.9321612705160118,96.30196972563161,,
3,0.75,elementwise,,exact,0.5951692691176098,96.30196972563161,,
3,0.75,euclidean,,exact,1.000000000000003,96.30196972563161,,
3,0.75,spectral_full_ns,,ns_float32,0.142224768946468,96.30196972563161,-0.13042906770802098,0.9893750186599818
3,0.75,spectral_full_ns,,ns_bfloat16,0.14272262101811636,96.30196972563161,-0.12890844826110104,0.9892823564271085
3,0.75,spectral_grouped,1,exact,0.9302606070862626,96.30196972563161,,
3,0.75,spectral_grouped,2,exact,0.8916747860873443,96.30196972563161,,
3,0.75,spectral_grouped,4,exact,0.8393356940719698,96.30196972563161,,
3,0.75,spectral_grouped,8,exact,0.7583963210158327,96.30196972563161,,
3,0.75,spectral_grouped,16,exact,0.6558558669821364,96.30196972563161,,
3,0.75,spectral_grouped,32,exact,0.5453439784121227,96.30196972563161,,
3,0.75,spectral_grouped,64,exact,0.437075367091705,96.30196972563161,,
3,0.75,spectral_grouped,128,exact,0.3386099693944316,96.30196972563161,,
3,0.75,spectral_grouped,256,exact,0.255073074446102,96.30196972563161,,
3,0.75,spectral_grouped,512,exact,0.1880897846203745,96.30196972563161,,
3,0.875,spectral_full_svd,,exact,0.10053002259669205,51.47137156950637,,
3,0.875,rows,,exact,0.9016310425616614,51.47137156950637,,
3,0.875,cols,,exact,0.8850166571944429,51.47137156950637,,
3,0.875,elementwise,,exact,0.5694471715426516,51.47137156950637,,
3,0.875,euclidean,,exact,0.9999999999999984,51.47137156950637,,
3,0.875,spectral_full_ns,,ns_float32,0.08864070897596889,51.47137156950637,-0.06099323650093691,0.9843331802254007
3,0.875,spectral_full_ns,,ns_bfloat16,0.08874202646945395,51.47137156950637,-0.060456741236367684,0.9841820855068683
3,1.0,spectral_full_svd,,exact,0.055235971188894784,28.280817248714005,,
3,1.0,rows,,exact,0.8630323947261795,28.280817248714005,,
3,1.0,cols,,exact,0.8564543740147724,28.280817248714005,,
3,1.0,elementwise,,exact,0.5483450618894568,28.280817248714005,,
3,1.0,euclidean,,exact,1.0000000000000062,28.280817248714005,,
3,1.0,spectral_full_ns,,ns_float32,0.04841009151617198,28.280817248714005,-0.06382518269293436,0.9844114597426057
3,1.0,spectral_full_ns,,ns_bfloat16,0.04839127295271363,28.280817248714005,-0.06400716104814741,0.9836831627381445
3,1.125,spectral_full_svd,,exact,0.03236738425674427,16.572100739453084,,
3,1.125,rows,,exact,0.8236049419474556,16.572100739453084,,
3,1.125,cols,,exact,0.8339310243529615,16.572100739453084,,
3,1.125,elementwise,,exact,0.5286257737740299,16.572100739453084,,
3,1.125,euclidean,,exact,0.9999999999999992,16.572100739453084,,
3,1.125,spectral_full_ns,,ns_float32,0.028260908254979622,16.572100739453084,-0.06558617415852142,0.9391093115414596
3,1.125,spectral_full_ns,,ns_bfloat16,0.02829207070757439,16.572100739453084,-0.06507114110202161,0.937010851742872
3,1.25,spectral_full_svd,,exact,0.020523335456783687,10.507947753873234,,
3,1.25,rows,,exact,0.8038867417923922,10.507947753873234,,
3,1.25,cols,,exact,0.816022117956018,10.507947753873234,,
3,1.25,elementwise,,exact,0.5210555743945018,10.507947753873234,,
3,1.25,euclidean,,exact,1.0000000000000044,10.507947753873234,,
3,1.25,spectral_full_ns,,ns_float32,0.015695554401322396,10.507947753873234,-0.12549084899502017,0.8521709498826836
3,1.25,spectral_full_ns,,ns_bfloat16,0.015548332699907637,10.507947753873234,-0.12960188744015588,0.8486875503468176
3,1.375,spectral_full_svd,,exact,0.014075143138597191,7.206473286961747,,
3,1.375,rows,,exact,0.772552425557154,7.206473286961747,,
3,1.375,cols,,exact,0.7899123548039354,7.206473286961747,,
3,1.375,elementwise,,exact,0.4987785818814017,7.206473286961747,,
3,1.375,euclidean,,exact,1.0000000000000016,7.206473286961747,,
3,1.375,spectral_full_ns,,ns_float32,0.00909019018288571,7.206473286961747,-0.1963627207003188,0.7457997600411962
3,1.375,spectral_full_ns,,ns_bfloat16,0.009154033993880751,7.206473286961747,-0.19354553574727196,0.7401236560048073
3,1.5,spectral_full_svd,,exact,0.01035129707191004,5.299864100817954,,
3,1.5,rows,,exact,0.7410740782496713,5.299864100817954,,
3,1.5,cols,,exact,0.7585477679142772,5.299864100817954,,
3,1.5,elementwise,,exact,0.4710953707145395,5.299864100817954,,
3,1.5,euclidean,,exact,0.9999999999999961,5.299864100817954,,
3,1.5,spectral_full_ns,,ns_float32,0.007035737407627496,5.299864100817954,-0.17556309406890935,0.6386061744792196
3,1.5,spectral_full_ns,,ns_bfloat16,0.007066464577088419,5.299864100817954,-0.17376477411243474,0.6309817298840945
3,1.5,spectral_grouped,1,exact,0.7410740782496716,5.299864100817954,,
3,1.5,spectral_grouped,2,exact,0.6291154052180326,5.299864100817954,,
3,1.5,spectral_grouped,4,exact,0.47408783830543244,5.299864100817954,,
3,1.5,spectral_grouped,8,exact,0.3306503022818518,5.299864100817954,,
3,1.5,spectral_grouped,16,exact,0.20871536141441577,5.299864100817954,,
3,1.5,spectral_grouped,32,exact,0.12268872287279202,5.299864100817954,,
3,1.5,spectral_grouped,64,exact,0.06864748487508136,5.299864100817954,,
3,1.5,spectral_grouped,128,exact,0.03737980516679184,5.299864100817954,,
3,1.5,spectral_grouped,256,exact,0.019810968597317673,5.299864100817954,,
3,1.5,spectral_grouped,512,exact,0.01035129707191004,5.299864100817954,,
4,0.0,spectral_full_svd,,exact,1.000000000000009,512.0,,
4,0.0,rows,,exact,1.000000000000009,512.0,,
4,0.0,cols,,exact,1.000000000000009,512.0,,
4,0.0,elementwise,,exact,0.6374351670597506,512.0,,
4,0.0,euclidean,,exact,1.0000000000000178,512.0,,
4,0.0,spectral_full_ns,,ns_float32,0.6538430008147602,512.0,-0.1913944096070357,0.9999999999993735
4,0.0,spectral_full_ns,,ns_bfloat16,0.6069243875101527,512.0,-0.2209464796882391,0.9994692079084841
4,0.0,spectral_grouped,1,exact,1.000000000000009,512.0,,
4,0.0,spectral_grouped,2,exact,1.000000000000009,512.0,,
4,0.0,spectral_grouped,4,exact,1.000000000000009,512.0,,
4,0.0,spectral_grouped,8,exact,1.000000000000009,512.0,,
4,0.0,spectral_grouped,16,exact,1.000000000000009,512.0,,
4,0.0,spectral_grouped,32,exact,1.000000000000009,512.0,,
4,0.0,spectral_grouped,64,exact,1.000000000000009,512.0,,
4,0.0,spectral_grouped,128,exact,1.000000000000009,512.0,,
4,0.0,spectral_grouped,256,exact,1.000000000000009,512.0,,
4,0.0,spectral_grouped,512,exact,1.000000000000009,512.0,,
4,0.125,spectral_full_svd,,exact,0.981490477007524,502.5231242278535,,
4,0.125,rows,,exact,0.9999127390121149,502.5231242278535,,
4,0.125,cols,,exact,0.9998982209884968,502.5231242278535,,
4,0.125,elementwise,,exact,0.6373874095686827,502.5231242278535,,
4,0.125,euclidean,,exact,0.999999999999995,502.5231242278535,,
4,0.125,spectral_full_ns,,ns_float32,0.7721322250009581,502.5231242278535,-0.11304253354357985,0.9950310063069375
4,0.125,spectral_full_ns,,ns_bfloat16,0.7389634636537087,502.5231242278535,-0.13230231647027846,0.9945605511532928
4,0.25,spectral_full_svd,,exact,0.9090281314861212,465.4224033208939,,
4,0.25,rows,,exact,0.9992220036455618,465.4224033208939,,
4,0.25,cols,,exact,0.9992256002133636,465.4224033208939,,
4,0.25,elementwise,,exact,0.6359145802929623,465.4224033208939,,
4,0.25,euclidean,,exact,1.0000000000000007,465.4224033208939,,
4,0.25,spectral_full_ns,,ns_float32,0.8710319467456271,465.4224033208939,-0.02112242320008373,0.9908973612182235
4,0.25,spectral_full_ns,,ns_bfloat16,0.8438706990038207,465.4224033208939,-0.036505384285759446,0.9900422227069415
4,0.375,spectral_full_svd,,exact,0.7609885578423856,389.62614161529996,,
4,0.375,rows,,exact,0.9961460324079748,389.62614161529996,,
4,0.375,cols,,exact,0.9961528468042959,389.62614161529996,,
4,0.375,elementwise,,exact,0.634809217928316,389.62614161529996,,
4,0.375,euclidean,,exact,1.0000000000000069,389.62614161529996,,
4,0.375,spectral_full_ns,,ns_float32,0.7242689878609926,389.62614161529996,-0.02442450832557952,0.9928760069291642
4,0.375,spectral_full_ns,,ns_bfloat16,0.7309404779866929,389.62614161529996,-0.019941627724646693,0.992794625825747
4,0.5,spectral_full_svd,,exact,0.5501034399780979,281.6529612687863,,
4,0.5,rows,,exact,0.9884672963072837,281.6529612687863,,
4,0.5,cols,,exact,0.985475915134708,281.6529612687863,,
4,0.5,elementwise,,exact,0.6310290903228102,281.6529612687863,,
4,0.5,euclidean,,exact,0.9999999999999979,281.6529612687863,,
4,0.5,spectral_full_ns,,ns_float32,0.4300935616595702,281.6529612687863,-0.1157821247332379,0.9836140744252613
4,0.5,spectral_full_ns,,ns_bfloat16,0.43250966543345376,281.6529612687863,-0.1133020013208399,0.9834923805413088
4,0.625,spectral_full_svd,,exact,0.3398302010652878,173.99306294542606,,
4,0.625,rows,,exact,0.956309574171027,173.99306294542606,,
4,0.625,cols,,exact,0.9639235785203928,173.99306294542606,,
4,0.625,elementwise,,exact,0.6114641658038595,173.99306294542606,,
4,0.625,euclidean,,exact,1.0000000000000138,173.99306294542606,,
4,0.625,spectral_full_ns,,ns_float32,0.26020542334722707,173.99306294542606,-0.12496145108174594,0.9904421925083358
4,0.625,spectral_full_ns,,ns_bfloat16,0.2584036200758242,173.99306294542606,-0.12799633440717784,0.9899116004203965
4,0.75,spectral_full_svd,,exact,0.1880897846203745,96.30196972563165,,
4,0.75,rows,,exact,0.9354562293260321,96.30196972563165,,
4,0.75,cols,,exact,0.9330666823565179,96.30196972563165,,
4,0.75,elementwise,,exact,0.5997639863230565,96.30196972563165,,
4,0.75,euclidean,,exact,1.0000000000000013,96.30196972563165,,
4,0.75,spectral_full_ns,,ns_float32,0.1422246515501701,96.30196972563165,-0.13042942659216583,0.9893750024194602
4,0.75,spectral_full_ns,,ns_bfloat16,0.1427615646647864,96.30196972563165,-0.12878961227150543,0.9892630482987004
4,0.75,spectral_grouped,1,exact,0.9354562293260326,96.30196972563165,,
4,0.75,spectral_grouped,2,exact,0.903148131197896,96.30196972563165,,
4,0.75,spectral_grouped,4,exact,0.8451103909176373,96.30196972563165,,
4,0.75,spectral_grouped,8,exact,0.7643096262766794,96.30196972563165,,
4,0.75,spectral_grouped,16,exact,0.6620843629266733,96.30196972563165,,
4,0.75,spectral_grouped,32,exact,0.5481547421371696,96.30196972563165,,
4,0.75,spectral_grouped,64,exact,0.4372451319758199,96.30196972563165,,
4,0.75,spectral_grouped,128,exact,0.33902747178080206,96.30196972563165,,
4,0.75,spectral_grouped,256,exact,0.25535293246116797,96.30196972563165,,
4,0.75,spectral_grouped,512,exact,0.1880897846203745,96.30196972563165,,
4,0.875,spectral_full_svd,,exact,0.10053002259669158,51.47137156950636,,
4,0.875,rows,,exact,0.8887348511942395,51.47137156950636,,
4,0.875,cols,,exact,0.8881916145711749,51.47137156950636,,
4,0.875,elementwise,,exact,0.5646715187836638,51.47137156950636,,
4,0.875,euclidean,,exact,0.9999999999999881,51.47137156950636,,
4,0.875,spectral_full_ns,,ns_float32,0.08864071319134165,51.47137156950636,-0.06099321417336312,0.984333187511855
4,0.875,spectral_full_ns,,ns_bfloat16,0.08874504073919008,51.47137156950636,-0.060440784801319425,0.9841755976642854
4,1.0,spectral_full_svd,,exact,0.05523597118889474,28.28081724871401,,
4,1.0,rows,,exact,0.8662108932302535,28.28081724871401,,
4,1.0,cols,,exact,0.8540486281903927,28.28081724871401,,
4,1.0,elementwise,,exact,0.5489231088901284,28.28081724871401,,
4,1.0,euclidean,,exact,1.0000000000000067,28.28081724871401,,
4,1.0,spectral_full_ns,,ns_float32,0.048410079375232805,28.28081724871401,-0.06382530008624909,0.9844114458092053
4,1.0,spectral_full_ns,,ns_bfloat16,0.048397295976331176,28.28081724871401,-0.06394891364914745,0.9836935631177766
4,1.125,spectral_full_svd,,exact,0.03236738425674439,16.57210073945308,,
4,1.125,rows,,exact,0.8288294043866874,16.57210073945308,,
4,1.125,cols,,exact,0.8260380309684168,16.57210073945308,,
4,1.125,elementwise,,exact,0.527215580934988,16.57210073945308,,
4,1.125,euclidean,,exact,1.0000000000000078,16.57210073945308,,
4,1.125,spectral_full_ns,,ns_float32,0.02826091427026906,16.57210073945308,-0.06558607471427891,0.9391092651103279
4,1.125,spectral_full_ns,,ns_bfloat16,0.028280939147119582,16.57210073945308,-0.06525508382411715,0.9369636325149174
4,1.25,spectral_full_svd,,exact,0.020523335456783698,10.507947753873227,,
4,1.25,rows,,exact,0.8019284566067428,10.507947753873227,,
4,1.25,cols,,exact,0.7922025373573623,10.507947753873227,,
4,1.25,elementwise,,exact,0.5050921951931296,10.507947753873227,,
4,1.25,euclidean,,exact,1.0000000000000022,10.507947753873227,,
4,1.25,spectral_full_ns,,ns_float32,0.01569545846810929,10.507947753873227,-0.1254935215543571,0.8521711334502501
4,1.25,spectral_full_ns,,ns_bfloat16,0.015560011877265328,10.507947753873227,-0.12927504771163767,0.8484357481988736
4,1.375,spectral_full_svd,,exact,0.014075143138597096,7.2064732869617485,,
4,1.375,rows,,exact,0.8028643401492429,7.2064732869617485,,
4,1.375,cols,,exact,0.777249027355817,7.2064732869617485,,
4,1.375,elementwise,,exact,0.5102843608958085,7.2064732869617485,,
4,1.375,euclidean,,exact,0.9999999999999892,7.2064732869617485,,
4,1.375,spectral_full_ns,,ns_float32,0.009090211695032902,7.2064732869617485,-0.1963617697876916,0.7457996360210576
4,1.375,spectral_full_ns,,ns_bfloat16,0.009153182863914006,7.2064732869617485,-0.19358302815322004,0.7397277837654119
4,1.5,spectral_full_svd,,exact,0.010351297071910057,5.299864100817957,,
4,1.5,rows,,exact,0.7920039278649916,5.299864100817957,,
4,1.5,cols,,exact,0.7707461102031733,5.299864100817957,,
4,1.5,elementwise,,exact,0.5117278645857724,5.299864100817957,,
4,1.5,euclidean,,exact,1.0000000000000004,5.299864100817957,,
4,1.5,spectral_full_ns,,ns_float32,0.007035732053096819,5.299864100817957,-0.17556340778681145,0.638606079327967
4,1.5,spectral_full_ns,,ns_bfloat16,0.00706251572301288,5.299864100817957,-0.17399566314051673,0.6310769860400437
4,1.5,spectral_grouped,1,exact,0.7920039278649916,5.299864100817957,,
4,1.5,spectral_grouped,2,exact,0.649318020232694,5.299864100817957,,
4,1.5,spectral_grouped,4,exact,0.49556749428070834,5.299864100817957,,
4,1.5,spectral_grouped,8,exact,0.3391137813016407,5.299864100817957,,
4,1.5,spectral_grouped,16,exact,0.2102396558203889,5.299864100817957,,
4,1.5,spectral_grouped,32,exact,0.12308775929256295,5.299864100817957,,
4,1.5,spectral_grouped,64,exact,0.0688782635201359,5.299864100817957,,
4,1.5,spectral_grouped,128,exact,0.037299065093305425,5.299864100817957,,
4,1.5,spectral_grouped,256,exact,0.019794897719603632,5.299864100817957,,
4,1.5,spectral_grouped,512,exact,0.010351297071910057,5.299864100817957,,
